1.1975249999999988, 6.64e-4
1.1982220000000012, 1.328e-3
1.2107129999999984, 1.992e-3
1.2144399999999962, 2.656e-3
1.2144400000000033, 3.32e-3
1.2156540000000007, 3.984e-3
1.2183409999999952, 4.648e-3
1.2289310000000029, 5.312e-3
1.2363530000000011, 5.976e-3
1.2412929999999989, 6.64e-3
1.2432070000000124, 7.304e-3
1.2441080000000113, 7.968e-3
1.2510389999999916, 8.632e-3
1.2523519999999735, 9.296e-3
1.2532759999999996, 9.96e-3
1.254179999999998, 1.0624e-2
1.2549070000000029, 1.1288e-2
1.2549889999999948, 1.1952e-2
1.2565040000000067, 1.2616e-2
1.258642, 1.328e-2
1.2617910000000023, 1.3944e-2
1.262394999999998, 1.4608e-2
1.2653500000000122, 1.5272e-2
1.267341999999985, 1.5936e-2
1.2680369999999925, 1.66e-2
1.270510999999999, 1.7264e-2
1.2724810000000275, 1.7928e-2
1.2727509999999995, 1.8592e-2
1.2728329999999914, 1.9256e-2
1.2730180000000004, 1.992e-2
1.2763890000000018, 2.0584e-2
1.2764789999999948, 2.1248e-2
1.276884999999993, 2.1912e-2
1.279141999999979, 2.2576e-2
1.2803729999999973, 2.324e-2
1.281881999999996, 2.3904e-2
1.2824870000000033, 2.4568e-2
1.282944999999998, 2.5232e-2
1.2833009999999945, 2.5896e-2
1.2839559999999892, 2.656e-2
1.284669000000008, 2.7224e-2
1.2855690000000095, 2.7888e-2
1.2869309999999956, 2.8552e-2
1.2876410000000078, 2.9216e-2
1.2918850000000077, 2.988e-2
1.2918880000000001, 3.0544e-2
1.2926089999999988, 3.1208e-2
1.2938569999999991, 3.1872e-2
1.2962650000000053, 3.2536e-2
1.299428000000006, 3.32e-2
1.3034320000000008, 3.3864e-2
1.3035859999999957, 3.4528e-2
1.303955000000002, 3.5192e-2
1.3041549999999944, 3.5856e-2
1.3047129999999996, 3.652e-2
1.3056600000000032, 3.7184e-2
1.3057549999999996, 3.7848e-2
1.3057550000000049, 3.8512e-2
1.306490999999994, 3.9176e-2
1.3076310000000149, 3.984e-2
1.3080350000000003, 4.0504e-2
1.3083720000000056, 4.1168e-2
1.309753999999998, 4.1832e-2
1.3099089999999975, 4.2496e-2
1.3100809999999967, 4.316e-2
1.3103490000000022, 4.3824e-2
1.3110529999999994, 4.4488e-2
1.3111100000000135, 4.5152e-2
1.311823000000004, 4.5816e-2
1.3121749999999999, 4.648e-2
1.3126449999999998, 4.7144e-2
1.3126550000000066, 4.7808e-2
1.312886000000006, 4.8472e-2
1.3136419999999873, 4.9136e-2
1.3145679999999995, 4.98e-2
1.3146699999999996, 5.0464e-2
1.3155429999999981, 5.1128e-2
1.3166119999999921, 5.1792e-2
1.3177650000000085, 5.2456e-2
1.3182450000000046, 5.312e-2
1.318257999999986, 5.3784e-2
1.3212100000000078, 5.4448e-2
1.3225050000000067, 5.5112e-2
1.3233050000000048, 5.5776e-2
1.3237630000000138, 5.644e-2
1.326736000000011, 5.7104e-2
1.3272189999999995, 5.7768e-2
1.32768200000001, 5.8432e-2
1.3292570000000126, 5.9096e-2
1.3293309999999963, 5.976e-2
1.3294239999999995, 6.0424e-2
1.3301669999999888, 6.1088e-2
1.3305979999999984, 6.1752e-2
1.332979000000023, 6.2416e-2
1.3335540000000066, 6.308e-2
1.334686000000005, 6.3744e-2
1.335283000000004, 6.4408e-2
1.3354039999999827, 6.5072e-2
1.336229000000003, 6.5736e-2
1.3374759999999952, 6.64e-2
1.3382119999999986, 6.7064e-2
1.3382620000000003, 6.7728e-2
1.3386100000000027, 6.8392e-2
1.3404949999999758, 6.9056e-2
1.3408130000000256, 6.972e-2
1.3417249999999967, 7.0384e-2
1.3417399999999873, 7.1048e-2
1.342004999999972, 7.1712e-2
1.342016000000001, 7.2376e-2
1.3424779999999998, 7.304e-2
1.3439319999999952, 7.3704e-2
1.3448300000000017, 7.4368e-2
1.3448510000000056, 7.5032e-2
1.3453350000000057, 7.5696e-2
1.3456199999999967, 7.636e-2
1.3456720000000075, 7.7024e-2
1.3472679999999997, 7.7688e-2
1.3474390000000085, 7.8352e-2
1.3482390000000066, 7.9016e-2
1.351456000000013, 7.968e-2
1.3522210000000001, 8.0344e-2
1.3523759999999925, 8.1008e-2
1.3535789999999963, 8.1672e-2
1.3545950000000175, 8.2336e-2
1.3555709999999976, 8.3e-2
1.3556320000000142, 8.3664e-2
1.355682999999999, 8.4328e-2
1.3557360000000074, 8.4992e-2
1.3559240000000017, 8.5656e-2
1.3576469999999858, 8.632e-2
1.3583990000000057, 8.6984e-2
1.3584209999999928, 8.7648e-2
1.3586549999999988, 8.8312e-2
1.3587080000000071, 8.8976e-2
1.3596369999999922, 8.964e-2
1.3608959999999968, 9.0304e-2
1.3626749999999959, 9.0968e-2
1.3627130000000136, 9.1632e-2
1.363004999999987, 9.2296e-2
1.3642910000000086, 9.296e-2
1.3646279999999962, 9.3624e-2
1.3648259999999937, 9.4288e-2
1.3656250000000227, 9.4952e-2
1.3677569999999974, 9.5616e-2
1.3692390000000003, 9.628e-2
1.369246000000004, 9.6944e-2
1.370638999999997, 9.7608e-2
1.3711839999999995, 9.8272e-2
1.3717249999999979, 9.8936e-2
1.3729759999999942, 9.96e-2
1.3736729999999966, 0.100264
1.3738529999999969, 0.100928
1.3739539999999977, 0.101592
1.3740720000000124, 0.102256
1.3743470000000002, 0.10292
1.375161999999989, 0.103584
1.375345999999979, 0.104248
1.3754620000000273, 0.104912
1.3754969999999958, 0.105576
1.3756909999999891, 0.10624
1.376842, 0.106904
1.3772229999999865, 0.107568
1.3776090000000067, 0.108232
1.3776569999999992, 0.108896
1.3778570000000059, 0.10956
1.3787570000000073, 0.110224
1.3797250000000076, 0.110888
1.3801290000000108, 0.111552
1.3805469999999787, 0.112216
1.3811170000000033, 0.11288
1.3825160000000096, 0.113544
1.3826500000000124, 0.114208
1.38278600000001, 0.114872
1.3835870000000057, 0.115536
1.3837249999999983, 0.1162
1.3840559999999869, 0.116864
1.384358000000006, 0.117528
1.3844499999999869, 0.118192
1.384532, 0.118856
1.384808999999997, 0.11952
1.3849549999999908, 0.120184
1.3869610000000137, 0.120848
1.388621999999998, 0.121512
1.3891179999999963, 0.122176
1.3893559999999923, 0.12284
1.390149000000008, 0.123504
1.3908779999999865, 0.124168
1.3909830000000056, 0.124832
1.3913600000000201, 0.125496
1.3914399999999993, 0.12616
1.3919530000000009, 0.126824
1.392089999999996, 0.128152
1.392715999999993, 0.128816
1.3930119999999988, 0.12948
1.3934739999999977, 0.130144
1.3938310000000058, 0.130808
1.3940049999999928, 0.131472
1.394088999999994, 0.132136
1.3941350000000057, 0.1328
1.3943069999999977, 0.133464
1.394455999999991, 0.134128
1.3947430000000054, 0.134792
1.3949949999999944, 0.135456
1.3961199999999998, 0.13612
1.3962279999999936, 0.136784
1.397073000000006, 0.137448
1.3971189999999751, 0.138112
1.3974580000000003, 0.138776
1.3974760000000117, 0.13944
1.3976399999999956, 0.140104
1.3985299999999938, 0.140768
1.398978999999997, 0.141432
1.4006009999999947, 0.142096
1.400741999999994, 0.14276
1.4010370000000023, 0.143424
1.4017100000000013, 0.144088
1.402072000000004, 0.144752
1.4023109999999974, 0.145416
1.402466000000004, 0.14608
1.402794, 0.146744
1.4029989999999941, 0.147408
1.403067, 0.148072
1.4033079999999813, 0.148736
1.4036760000000008, 0.1494
1.4038869999999974, 0.150064
1.4038949999999772, 0.150728
1.4038950000000057, 0.151392
1.4041059999999987, 0.152056
1.4053359999999984, 0.15272
1.405573000000004, 0.153384
1.4056740000000048, 0.154048
1.4060070000000024, 0.154712
1.4081199999999967, 0.155376
1.4081940000000017, 0.15604
1.408574999999999, 0.156704
1.4096370000000036, 0.157368
1.4100739999999945, 0.158032
1.410423999999999, 0.158696
1.410740000000004, 0.15936
1.411020999999998, 0.160024
1.411209999999997, 0.160688
1.4115119999999877, 0.161352
1.4117789999999957, 0.162016
1.4118259999999978, 0.16268
1.4118459999999997, 0.163344
1.4122389999999996, 0.164008
1.4124969999999735, 0.164672
1.4125590000000017, 0.165336
1.4125659999999982, 0.166
1.4127040000000193, 0.166664
1.4127479999999935, 0.167328
1.4128559999999766, 0.167992
1.4134349999999927, 0.168656
1.414256999999992, 0.16932
1.4144100000000037, 0.169984
1.4152859999999947, 0.170648
1.4157460000000128, 0.171312
1.416039000000012, 0.171976
1.4162039999999934, 0.17264
1.4164759999999887, 0.173304
1.4165079999999932, 0.173968
1.4165849999999978, 0.174632
1.416832999999997, 0.175296
1.4168730000000096, 0.17596
1.4173260000000028, 0.176624
1.4174390000000017, 0.177288
1.4177649999999993, 0.177952
1.4178459999999973, 0.178616
1.4179890000000057, 0.17928
1.4188800000000015, 0.179944
1.4201670000000064, 0.180608
1.4212520000000026, 0.181272
1.4213509999999872, 0.181936
1.4215209999999985, 0.1826
1.4216470000000072, 0.183264
1.4216499999999996, 0.183928
1.421937000000014, 0.184592
1.4221179999999976, 0.185256
1.422187000000001, 0.18592
1.4221949999999879, 0.186584
1.42226500000001, 0.187248
1.422668999999999, 0.187912
1.4229760000000056, 0.188576
1.4234439999999893, 0.18924
1.423721999999998, 0.189904
1.424777000000006, 0.190568
1.4251879999999986, 0.191232
1.4256169999999884, 0.191896
1.425963000000003, 0.19256
1.4262770000000273, 0.193224
1.4264180000000124, 0.193888
1.426827000000003, 0.194552
1.427137000000016, 0.195216
1.4276040000000023, 0.19588
1.4276810000000069, 0.196544
1.4286359999999974, 0.197208
1.4288190000000043, 0.197872
1.4292880000000139, 0.198536
1.4293059999999969, 0.1992
1.429809999999975, 0.199864
1.4298610000000167, 0.200528
1.430464999999998, 0.201192
1.430581999999987, 0.201856
1.4316500000000012, 0.20252
1.4317959999999914, 0.203184
1.4320130000000013, 0.203848
1.4322390000000098, 0.204512
1.4326050000000237, 0.205176
1.432782000000003, 0.20584
1.4331479999999992, 0.206504
1.4333009999999717, 0.207168
1.4334999999999951, 0.207832
1.4339380000000013, 0.208496
1.4343029999999999, 0.20916
1.4343870000000152, 0.209824
1.4345209999999966, 0.210488
1.4347290000000044, 0.211152
1.4349220000000003, 0.211816
1.4349229999999977, 0.21248
1.434958999999992, 0.213144
1.435134000000005, 0.213808
1.4356349999999907, 0.214472
1.4356989999999996, 0.215136
1.4358740000000125, 0.2158
1.4368399999999895, 0.216464
1.437106, 0.217128
1.4375510000000133, 0.217792
1.438603999999998, 0.218456
1.4394860000000005, 0.21912
1.439704000000006, 0.219784
1.4399869999999737, 0.220448
1.440178000000003, 0.221112
1.4407390000000078, 0.221776
1.4412539999999865, 0.22244
1.442062000000007, 0.223104
1.4422399999999982, 0.223768
1.442456, 0.224432
1.4431040000000053, 0.225096
1.4438189999999977, 0.22576
1.443961999999999, 0.226424
1.4442630000000065, 0.227088
1.4444490000000059, 0.227752
1.444739999999996, 0.228416
1.445050000000009, 0.22908
1.4454849999999997, 0.229744
1.4456329999999866, 0.230408
1.4456330000000008, 0.231072
1.4456989999999905, 0.231736
1.4460569999999962, 0.2324
1.44691499999999, 0.233064
1.4470090000000013, 0.233728
1.447166999999979, 0.234392
1.4472379999999987, 0.235056
1.4475510000000043, 0.23572
1.4479469999999992, 0.236384
1.4489169999999945, 0.237048
1.4505100000000084, 0.237712
1.450677000000013, 0.238376
1.4509199999999964, 0.23904
1.4512560000000008, 0.239704
1.4513650000000098, 0.240368
1.4518469999999866, 0.241032
1.4519599999999997, 0.241696
1.4519889999999975, 0.24236
1.452575000000003, 0.243024
1.4527060000000063, 0.243688
1.4527259999999984, 0.244352
1.4530619999999885, 0.245016
1.4532570000000078, 0.24568
1.4541519999999934, 0.246344
1.4542319999999904, 0.247008
1.454858999999999, 0.247672
1.4550949999999716, 0.248336
1.4551179999999988, 0.249
1.4552249999999987, 0.249664
1.4555859999999825, 0.250328
1.455838, 0.250992
1.456146000000004, 0.251656
1.456552000000002, 0.25232
1.457379000000003, 0.252984
1.4575379999999996, 0.253648
1.457777, 0.254312
1.4578710000000115, 0.254976
1.458599999999997, 0.25564
1.4587310000000002, 0.256304
1.458804999999984, 0.256968
1.4588329999999985, 0.257632
1.4589970000000108, 0.258296
1.4590799999999717, 0.25896
1.4592030000000022, 0.259624
1.459352999999993, 0.260288
1.4595969999999738, 0.260952
1.4597709999999893, 0.261616
1.4602180000000011, 0.26228
1.460926999999998, 0.262944
1.4611210000000057, 0.263608
1.461437999999987, 0.264272
1.462617999999999, 0.264936
1.4633910000000014, 0.2656
1.463593000000003, 0.266264
1.4640400000000113, 0.266928
1.464605000000006, 0.267592
1.4647999999999968, 0.268256
1.4648420000000044, 0.26892
1.465133999999999, 0.269584
1.465173, 0.270248
1.4658150000000063, 0.270912
1.4660169999999937, 0.271576
1.466070000000002, 0.27224
1.4663500000000056, 0.272904
1.4664539999999988, 0.273568
1.4668920000000014, 0.274232
1.4669180000000068, 0.274896
1.4678930000000001, 0.27556
1.4679459999999978, 0.276224
1.468104000000011, 0.276888
1.4684929999999952, 0.277552
1.4686040000000276, 0.278216
1.4690769999999986, 0.27888
1.4691960000000108, 0.279544
1.469512, 0.280208
1.469538, 0.280872
1.4702259999999967, 0.281536
1.4703429999999997, 0.2822
1.4703779999999824, 0.282864
1.4705420000000018, 0.283528
1.4708880000000022, 0.284192
1.4710019999999986, 0.284856
1.4717039999999884, 0.28552
1.4721599999999997, 0.286184
1.4732970000000023, 0.286848
1.473446999999993, 0.287512
1.4736209999999996, 0.288176
1.4739640000000236, 0.28884
1.4743670000000009, 0.289504
1.4744049999999902, 0.290168
1.4744530000000111, 0.290832
1.4745000000000061, 0.291496
1.4748940000000061, 0.29216
1.475162000000001, 0.292824
1.4753819999999962, 0.293488
1.4756419999999935, 0.294152
1.4763249999999992, 0.294816
1.4763340000000085, 0.29548
1.4768510000000106, 0.296144
1.4776069999999777, 0.296808
1.4781329999999997, 0.297472
1.478544999999997, 0.298136
1.4786550000000034, 0.2988
1.4786780000000004, 0.299464
1.4792330000000007, 0.300128
1.4795859999999976, 0.300792
1.479612000000003, 0.301456
1.4802570000000017, 0.30212
1.480922000000021, 0.302784
1.4814460000000054, 0.303448
1.4816230000000132, 0.304112
1.481818000000004, 0.304776
1.4825380000000052, 0.30544
1.4829809999999952, 0.306104
1.4844459999999913, 0.306768
1.4851390000000038, 0.307432
1.4852260000000115, 0.308096
1.4852779999999939, 0.30876
1.4856690000000015, 0.309424
1.4856829999999945, 0.310088
1.4860460000000018, 0.310752
1.486462000000003, 0.311416
1.4864630000000147, 0.31208
1.4865839999999935, 0.312744
1.486707000000024, 0.313408
1.4878770000000001, 0.314072
1.4880160000000018, 0.314736
1.4881149999999934, 0.3154
1.4886319999999955, 0.316064
1.4891110000000083, 0.316728
1.4895959999999988, 0.317392
1.4899560000000065, 0.318056
1.4899790000000053, 0.31872
1.4904020000000173, 0.319384
1.4906469999999956, 0.320048
1.4909059999999954, 0.320712
1.4918810000000065, 0.321376
1.4926030000000026, 0.32204
1.4927319999999966, 0.322704
1.4928649999999948, 0.323368
1.4936820000000068, 0.324032
1.4938070000000003, 0.324696
1.4940970000000107, 0.32536
1.4946390000000065, 0.326024
1.4947970000000055, 0.326688
1.4951460000000054, 0.327352
1.4960920000000044, 0.328016
1.4961289999999998, 0.32868
1.4964319999999987, 0.329344
1.4965469999999925, 0.330008
1.4973549999999989, 0.330672
1.4977329999999967, 0.331336
1.497858000000008, 0.332
1.4980190000000002, 0.332664
1.4985599999999977, 0.333328
1.4993599999999958, 0.333992
1.4994199999999864, 0.334656
1.5001290000000154, 0.33532
1.500236000000001, 0.335984
1.5009760000000014, 0.336648
1.5009919999999966, 0.337312
1.501019999999997, 0.337976
1.5013519999999971, 0.33864
1.5015370000000132, 0.339304
1.501546999999988, 0.339968
1.50171899999998, 0.340632
1.5020780000000116, 0.341296
1.5021859999999947, 0.34196
1.5022910000000138, 0.342624
1.5025019999999927, 0.343288
1.5034670000000006, 0.343952
1.5036640000000148, 0.344616
1.503664999999998, 0.34528
1.5039289999999994, 0.345944
1.5042520000000081, 0.346608
1.5043300000000102, 0.347272
1.5045300000000026, 0.347936
1.5054010000000062, 0.3486
1.5062829999999963, 0.349264
1.5063910000000078, 0.349928
1.5073780000000028, 0.350592
1.5075780000000236, 0.351256
1.5086829999999907, 0.35192
1.5089600000000019, 0.352584
1.5092439999999954, 0.353248
1.5101059999999933, 0.353912
1.510119000000003, 0.354576
1.5101280000000088, 0.35524
1.5101319999999987, 0.355904
1.5102269999999862, 0.356568
1.510879999999986, 0.357232
1.5112940000000066, 0.357896
1.511573999999996, 0.35856
1.511622999999986, 0.359224
1.511638000000005, 0.359888
1.511653999999993, 0.360552
1.51207500000001, 0.361216
1.5124759999999924, 0.36188
1.512518, 0.362544
1.512925999999993, 0.363208
1.513007000000016, 0.363872
1.5134089999999993, 0.364536
1.5135530000000017, 0.3652
1.5143219999999928, 0.365864
1.5147420000000125, 0.366528
1.5147560000000055, 0.367192
1.5149220000000128, 0.367856
1.515235000000004, 0.36852
1.5153270000000134, 0.369184
1.515737999999999, 0.369848
1.5159920000000113, 0.370512
1.5162249999999915, 0.371176
1.5165610000000243, 0.37184
1.517308000000014, 0.372504
1.5175370000000044, 0.373168
1.5180500000000166, 0.373832
1.5190540000000112, 0.374496
1.5191810000000032, 0.37516
1.5198730000000182, 0.375824
1.5220170000000053, 0.376488
1.5220209999999952, 0.377152
1.522592000000003, 0.377816
1.5225950000000026, 0.37848
1.52272099999999, 0.379144
1.523444000000012, 0.379808
1.5234590000000026, 0.380472
1.5236540000000218, 0.381136
1.5242920000000026, 0.3818
1.524579999999986, 0.382464
1.5249009999999998, 0.383128
1.5258519999999862, 0.383792
1.5262240000000133, 0.384456
1.5267809999999997, 0.38512
1.5268259999999998, 0.385784
1.5276540000000125, 0.386448
1.5277270000000271, 0.387112
1.5278359999999935, 0.387776
1.5280440000000013, 0.38844
1.5283689999999979, 0.389104
1.5290860000000066, 0.389768
1.529155000000003, 0.390432
1.530114999999995, 0.391096
1.5303430000000002, 0.39176
1.5307189999999764, 0.392424
1.5311180000000064, 0.393088
1.532036000000005, 0.393752
1.532543000000004, 0.394416
1.5325650000000053, 0.39508
1.532954000000018, 0.395744
1.532985999999994, 0.396408
1.5330919999999963, 0.397072
1.5342029999999909, 0.397736
1.5343950000000035, 0.3984
1.5348610000000065, 0.399064
1.534868000000003, 0.399728
1.5367270000000133, 0.400392
1.5367820000000023, 0.401056
1.536812999999995, 0.40172
1.5368379999999888, 0.402384
1.5368500000000154, 0.403048
1.5371989999999869, 0.403712
1.5375659999999982, 0.404376
1.5376540000000034, 0.40504
1.5377849999999995, 0.405704
1.5379879999999986, 0.406368
1.5389000000000124, 0.407032
1.5393720000000002, 0.407696
1.5395240000000001, 0.40836
1.5398460000000114, 0.409024
1.5407220000000024, 0.409688
1.5408470000000136, 0.410352
1.5408710000000099, 0.411016
1.541341999999986, 0.41168
1.5414269999999988, 0.412344
1.5417729999999779, 0.413008
1.543410999999999, 0.413672
1.543719000000003, 0.414336
1.5442189999999982, 0.415
1.544628000000003, 0.415664
1.5446300000000015, 0.416328
1.544889000000012, 0.416992
1.5453870000000052, 0.417656
1.5455700000000014, 0.41832
1.5459110000000038, 0.418984
1.5461549999999997, 0.419648
1.5464220000000068, 0.420312
1.5464540000000002, 0.420976
1.5466280000000001, 0.42164
1.5471200000000067, 0.422304
1.5474169999999958, 0.422968
1.547487999999987, 0.423632
1.5475120000000002, 0.424296
1.5480999999999998, 0.42496
1.5482989999999859, 0.425624
1.5489879999999943, 0.426288
1.5503249999999866, 0.426952
1.5505469999999946, 0.427616
1.550586999999993, 0.42828
1.5508389999999963, 0.428944
1.5510620000000017, 0.429608
1.5518900000000002, 0.430272
1.5530939999999873, 0.430936
1.5532790000000034, 0.4316
1.5536389999999969, 0.432264
1.5536620000000028, 0.432928
1.5543409999999938, 0.433592
1.5545120000000026, 0.434256
1.5545260000000098, 0.43492
1.5545639999999992, 0.435584
1.5548640000000091, 0.436248
1.555642000000006, 0.436912
1.5556780000000003, 0.437576
1.5560749999999999, 0.43824
1.55663100000001, 0.438904
1.557107000000002, 0.439568
1.5576039999999978, 0.440232
1.5579720000000066, 0.440896
1.5583349999999996, 0.44156
1.558384999999987, 0.442224
1.5589459999999988, 0.442888
1.5592989999999958, 0.443552
1.5607179999999996, 0.444216
1.5609529999999996, 0.44488
1.5613790000000023, 0.445544
1.561758999999995, 0.446208
1.5617749999999972, 0.446872
1.562152999999995, 0.447536
1.5631359999999859, 0.4482
1.5631389999999996, 0.448864
1.5632599999999996, 0.449528
1.5641039999999862, 0.450192
1.5648570000000177, 0.450856
1.5653569999999988, 0.45152
1.5654260000000022, 0.452184
1.5661719999999946, 0.452848
1.5670740000000016, 0.453512
1.5671509999999955, 0.454176
1.5675219999999968, 0.45484
1.5679679999999934, 0.455504
1.5681569999999994, 0.456168
1.5682580000000144, 0.456832
1.5684420000000046, 0.457496
1.5686660000000003, 0.45816
1.5687619999999924, 0.458824
1.568950000000001, 0.459488
1.5694050000000033, 0.460152
1.5699359999999984, 0.460816
1.5705350000000067, 0.46148
1.5708160000000078, 0.462144
1.571234000000004, 0.462808
1.5712750000000142, 0.463472
1.571284999999989, 0.464136
1.571593, 0.4648
1.5718769999999722, 0.465464
1.5718899999999998, 0.466128
1.5719010000000253, 0.466792
1.5726290000000063, 0.467456
1.5727859999999936, 0.46812
1.5728000000000009, 0.468784
1.5729690000000005, 0.469448
1.573434000000006, 0.470112
1.5737940000000066, 0.470776
1.5741179999999986, 0.47144
1.574735000000004, 0.472104
1.5753599999999999, 0.472768
1.5754019999999969, 0.473432
1.5754929999999945, 0.474096
1.575806, 0.47476
1.576476999999997, 0.475424
1.5765229999999946, 0.476088
1.5770720000000011, 0.476752
1.5780029999999954, 0.477416
1.5782280000000242, 0.47808
1.5787929999999903, 0.478744
1.5789809999999989, 0.479408
1.579511999999994, 0.480072
1.5802810000000136, 0.480736
1.5803200000000004, 0.4814
1.5803669999999954, 0.482064
1.5819099999999935, 0.482728
1.5822020000000023, 0.483392
1.5825729999999965, 0.484056
1.582716000000005, 0.48472
1.5832859999999869, 0.485384
1.5833789999999937, 0.486048
1.5835539999999924, 0.486712
1.583790999999998, 0.487376
1.5843380000000025, 0.48804
1.584537999999995, 0.488704
1.5845989999999972, 0.489368
1.5847129999999936, 0.490032
1.5848029999999937, 0.490696
1.5854400000000055, 0.49136
1.585532999999998, 0.492024
1.5856180000000002, 0.492688
1.5862030000000118, 0.493352
1.5863670000000027, 0.494016
1.586383999999999, 0.49468
1.5864380000000011, 0.495344
1.5865750000000105, 0.496008
1.5868210000000005, 0.496672
1.5869649999999993, 0.497336
1.5870270000000062, 0.498
1.5873940000000033, 0.498664
1.5875239999999735, 0.499328
1.5878370000000004, 0.499992
1.5886909999999972, 0.500656
1.5893259999999998, 0.50132
1.5895579999999967, 0.501984
1.5897150000000124, 0.502648
1.5899479999999926, 0.503312
1.5905369999999834, 0.503976
1.5908050000000031, 0.50464
1.5908189999999962, 0.505304
1.5909000000000049, 0.505968
1.5909990000000107, 0.506632
1.5910969999999978, 0.507296
1.5913260000000005, 0.50796
1.5916520000000034, 0.508624
1.5918360000000007, 0.509288
1.5918430000000114, 0.509952
1.5927310000000006, 0.510616
1.5929000000000002, 0.51128
1.5930440000000061, 0.511944
1.5933330000000012, 0.512608
1.5933470000000014, 0.513272
1.594616000000002, 0.513936
1.5947659999999928, 0.5146
1.5951420000000098, 0.515264
1.5961039999999969, 0.515928
1.5967019999999934, 0.516592
1.597249000000005, 0.517256
1.598366999999996, 0.51792
1.5994519999999994, 0.518584
1.5995679999999997, 0.519248
1.5996370000000013, 0.519912
1.6004350000000045, 0.520576
1.6005570000000091, 0.52124
1.600684000000001, 0.521904
1.6009600000000006, 0.522568
1.6009889999999984, 0.523232
1.6010780000000011, 0.523896
1.601159999999993, 0.52456
1.6013590000000022, 0.525224
1.6014879999999891, 0.525888
1.6023309999999924, 0.526552
1.6024809999999974, 0.527216
1.603049999999996, 0.52788
1.6032529999999952, 0.528544
1.6042239999999879, 0.529208
1.6043060000000082, 0.529872
1.6046770000000024, 0.530536
1.6049979999999948, 0.5312
1.6057729999999992, 0.531864
1.6059329999999932, 0.532528
1.6066650000000067, 0.533192
1.6070480000000007, 0.533856
1.6075739999999996, 0.53452
1.6085080000000005, 0.535184
1.6086829999999992, 0.535848
1.6087459999999965, 0.536512
1.6092179999999985, 0.537176
1.609606999999997, 0.53784
1.6096900000000005, 0.538504
1.6104190000000074, 0.539168
1.6108010000000093, 0.539832
1.610952999999995, 0.540496
1.6117950000000008, 0.54116
1.611931999999996, 0.541824
1.6122680000000003, 0.542488
1.6123389999999915, 0.543152
1.612622999999985, 0.543816
1.612809999999996, 0.54448
1.612874999999999, 0.545144
1.6134950000000003, 0.545808
1.613503999999999, 0.546472
1.6140690000000006, 0.547136
1.6144649999999956, 0.5478
1.6149010000000033, 0.548464
1.6150629999999992, 0.549128
1.6150860000000193, 0.549792
1.6153050000000064, 0.550456
1.615394000000002, 0.55112
1.615795999999989, 0.551784
1.6165619999999876, 0.552448
1.6166429999999998, 0.553112
1.616892000000007, 0.553776
1.6181589999999986, 0.55444
1.6182560000000024, 0.555104
1.6194230000000012, 0.555768
1.6204950000000053, 0.556432
1.6205429999999978, 0.557096
1.6212840000000028, 0.55776
1.6216780000000028, 0.558424
1.622316000000012, 0.559088
1.622326000000001, 0.559752
1.6224500000000148, 0.560416
1.6226929999999982, 0.56108
1.6227890000000116, 0.561744
1.6233899999999721, 0.562408
1.6244379999999978, 0.563072
1.6244899999999944, 0.563736
1.624588999999986, 0.5644
1.6247689999999864, 0.565064
1.6247910000000019, 0.565728
1.6250929999999997, 0.566392
1.625828999999996, 0.567056
1.6263549999999896, 0.56772
1.6265999999999963, 0.568384
1.6270409999999913, 0.569048
1.6277390000000196, 0.569712
1.6277860000000004, 0.570376
1.6279169999999965, 0.57104
1.629281000000006, 0.571704
1.6314849999999979, 0.572368
1.631698, 0.573032
1.6319509999999866, 0.573696
1.632565999999997, 0.57436
1.6326249999999902, 0.575024
1.633215000000007, 0.575688
1.6342089999999985, 0.576352
1.6344569999999976, 0.577016
1.634600000000006, 0.57768
1.6351439999999968, 0.578344
1.6352100000000007, 0.579008
1.6354200000000105, 0.579672
1.6358539999999948, 0.580336
1.635908999999998, 0.581
1.6359349999999893, 0.581664
1.6363109999999779, 0.582328
1.6364580000000046, 0.582992
1.6369020000000063, 0.583656
1.6370270000000033, 0.58432
1.6371609999999919, 0.584984
1.6372289999999907, 0.585648
1.6374450000000138, 0.586312
1.6376840000000072, 0.586976
1.6383089999999996, 0.58764
1.6386540000000025, 0.588304
1.6387849999999986, 0.588968
1.6392960000000016, 0.589632
1.6401720000000068, 0.590296
1.640276, 0.59096
1.6405190000000118, 0.591624
1.640651, 0.592288
1.6409600000000069, 0.592952
1.641682000000003, 0.593616
1.6423899999999998, 0.59428
1.6431359999999984, 0.594944
1.643398999999988, 0.595608
1.6438369999999907, 0.596272
1.6446770000000015, 0.596936
1.6448000000000036, 0.5976
1.6451370000000054, 0.598264
1.6451990000000052, 0.598928
1.645863999999989, 0.599592
1.645971000000003, 0.600256
1.6463840000000118, 0.60092
1.6466800000000035, 0.601584
1.6473139999999944, 0.602248
1.647828000000004, 0.602912
1.6482489999999999, 0.603576
1.6491250000000264, 0.60424
1.649741000000006, 0.604904
1.650166000000013, 0.605568
1.6504750000000001, 0.606232
1.6505260000000135, 0.606896
1.6513109999999926, 0.60756
1.6517049999999998, 0.608224
1.6517509999999902, 0.608888
1.6527419999999893, 0.609552
1.652858000000009, 0.610216
1.6533110000000022, 0.61088
1.6534179999999878, 0.611544
1.6534699999999987, 0.612208
1.6538559999999904, 0.612872
1.6541770000000042, 0.613536
1.655081999999993, 0.6142
1.6553460000000086, 0.614864
1.656173999999993, 0.615528
1.6565070000000048, 0.616192
1.6571250000000006, 0.616856
1.657193999999997, 0.61752
1.6575770000000034, 0.618184
1.658048000000008, 0.618848
1.6580549999999974, 0.619512
1.6586050000000014, 0.620176
1.6587639999999908, 0.62084
1.6590190000000007, 0.621504
1.6595000000000084, 0.622168
1.659530000000018, 0.622832
1.6600950000000125, 0.623496
1.6600970000000075, 0.62416
1.6602010000000007, 0.624824
1.6603020000000015, 0.625488
1.661057999999997, 0.626152
1.661085, 0.626816
1.6612190000000027, 0.62748
1.6621099999999842, 0.628144
1.662542000000002, 0.628808
1.662815000000002, 0.629472
1.6632669999999905, 0.630136
1.6634179999999787, 0.6308
1.6645839999999907, 0.631464
1.6648309999999995, 0.632128
1.6649140000000102, 0.632792
1.665019000000001, 0.633456
1.665885000000003, 0.63412
1.6661500000000018, 0.634784
1.6664920000000052, 0.635448
1.6670469999999966, 0.636112
1.667357999999993, 0.636776
1.6685919999999896, 0.63744
1.6693759999999997, 0.638104
1.6708870000000005, 0.638768
1.6713299999999975, 0.639432
1.6722389999999905, 0.640096
1.6727260000000115, 0.64076
1.6733839999999987, 0.641424
1.6746370000000184, 0.642088
1.6746919999999932, 0.642752
1.6755349999999964, 0.643416
1.6756889999999771, 0.64408
1.6760530000000031, 0.644744
1.6762209999999982, 0.645408
1.6765330000000063, 0.646072
1.6772079999999931, 0.646736
1.6777040000000056, 0.6474
1.679511000000005, 0.648064
1.6799329999999983, 0.648728
1.6801089999999874, 0.649392
1.6807230000000004, 0.650056
1.6809969999999907, 0.65072
1.6812360000000126, 0.651384
1.6813819999999993, 0.652048
1.6816010000000006, 0.652712
1.6820830000000058, 0.653376
1.6828390000000013, 0.65404
1.6834599999999966, 0.654704
1.6836110000000133, 0.655368
1.6838439999999935, 0.656032
1.6838900000000052, 0.656696
1.6841519999999832, 0.65736
1.6841980000000092, 0.658024
1.685181, 0.658688
1.6857530000000054, 0.659352
1.6858270000000175, 0.660016
1.6861120000000085, 0.66068
1.6864730000000066, 0.661344
1.6866599999999892, 0.662008
1.6872549999999933, 0.662672
1.6879650000000055, 0.663336
1.6880529999999965, 0.664
1.6881659999999954, 0.664664
1.6882050000000106, 0.665328
1.6895969999999991, 0.665992
1.6899310000000014, 0.666656
1.6899999999999977, 0.66732
1.6904750000000064, 0.667984
1.6913829999999734, 0.668648
1.6917050000000131, 0.669312
1.692309000000023, 0.669976
1.6929440000000113, 0.67064
1.6930519999999945, 0.671304
1.6932940000000087, 0.671968
1.6933629999999997, 0.672632
1.6934949999999844, 0.673296
1.6937969999999893, 0.67396
1.693882000000002, 0.674624
1.6942200000000014, 0.675288
1.6946350000000052, 0.675952
1.6968300000000056, 0.676616
1.6974319999999992, 0.67728
1.6975359999999995, 0.677944
1.697546999999986, 0.678608
1.6988130000000012, 0.679272
1.6989339999999942, 0.679936
1.6998680000000093, 0.6806
1.7000539999999944, 0.681264
1.7001099999999951, 0.681928
1.700378999999998, 0.682592
1.700558000000001, 0.683256
1.701958999999988, 0.68392
1.7020890000000009, 0.684584
1.702793999999983, 0.685248
1.7028030000000172, 0.685912
1.7036410000000002, 0.686576
1.7040640000000025, 0.68724
1.704074999999989, 0.687904
1.7042299999999955, 0.688568
1.7042769999999976, 0.689232
1.7049399999999935, 0.689896
1.7059069999999963, 0.69056
1.7061119999999903, 0.691224
1.7063640000000007, 0.691888
1.7065530000000138, 0.692552
1.7067560000000128, 0.693216
1.7069220000000058, 0.69388
1.7094850000000008, 0.694544
1.7101880000000023, 0.695208
1.712496999999999, 0.695872
1.7137299999999982, 0.696536
1.714650000000006, 0.6972
1.7152399999999943, 0.697864
1.7165459999999992, 0.698528
1.7167650000000094, 0.699192
1.7173970000000054, 0.699856
1.718841999999995, 0.70052
1.7200140000000061, 0.701184
1.7206180000000018, 0.701848
1.7207710000000134, 0.702512
1.7208049999999986, 0.703176
1.7217029999999909, 0.70384
1.721826, 0.704504
1.7221120000000099, 0.705168
1.7229820000000018, 0.705832
1.723275000000001, 0.706496
1.7236779999999996, 0.70716
1.7244179999999858, 0.707824
1.7255020000000059, 0.708488
1.7257940000000076, 0.709152
1.726578, 0.709816
1.727203000000003, 0.71048
1.7280800000000056, 0.711144
1.7293730000000096, 0.711808
1.729615999999993, 0.712472
1.7301249999999868, 0.713136
1.7301919999999882, 0.7138
1.7304080000000113, 0.714464
1.7329290000000128, 0.715128
1.7333129999999954, 0.715792
1.73353800000001, 0.716456
1.7339090000000112, 0.71712
1.7342899999999872, 0.717784
1.734437000000014, 0.718448
1.7347120000000018, 0.719112
1.7351079999999968, 0.719776
1.7370310000000018, 0.72044
1.7374299999999891, 0.721104
1.7374849999999995, 0.721768
1.7377240000000143, 0.722432
1.7405359999999916, 0.723096
1.7425929999999994, 0.72376
1.7429110000000065, 0.724424
1.743261000000004, 0.725088
1.7434550000000115, 0.725752
1.743617999999998, 0.726416
1.74383899999998, 0.72708
1.7446610000000078, 0.727744
1.7447919999999968, 0.728408
1.7451669999999808, 0.729072
1.7454690000000141, 0.729736
1.7456060000000093, 0.7304
1.745935999999972, 0.731064
1.7460180000000065, 0.731728
1.746465999999998, 0.732392
1.7472769999999969, 0.733056
1.7474600000000002, 0.73372
1.747788, 0.734384
1.7487409999999954, 0.735048
1.7491939999999886, 0.735712
1.749229000000014, 0.736376
1.7495629999999949, 0.73704
1.7497869999999978, 0.737704
1.7499210000000005, 0.738368
1.7500220000000013, 0.739032
1.7503930000000025, 0.739696
1.7517709999999909, 0.74036
1.7518129999999985, 0.741024
1.7522759999999948, 0.741688
1.7524429999999995, 0.742352
1.7525469999999927, 0.743016
1.7528990000000002, 0.74368
1.7536870000000135, 0.744344
1.7543369999999925, 0.745008
1.755096, 0.745672
1.7554450000000088, 0.746336
1.755478999999994, 0.747
1.7561649999999993, 0.747664
1.756368000000009, 0.748328
1.7569699999999955, 0.748992
1.7584889999999973, 0.749656
1.7585109999999986, 0.75032
1.7590179999999975, 0.750984
1.7595890000000054, 0.752312
1.7612820000000013, 0.752976
1.7615419999999915, 0.75364
1.7617250000000126, 0.754304
1.7623260000000016, 0.754968
1.763102, 0.755632
1.7645940000000007, 0.756296
1.764761, 0.75696
1.7649389999999983, 0.757624
1.7649519999999939, 0.758288
1.7650780000000026, 0.758952
1.765554999999999, 0.759616
1.7657409999999913, 0.76028
1.7664199999999965, 0.760944
1.7666459999999944, 0.761608
1.7667820000000063, 0.762272
1.7680119999999988, 0.762936
1.768665999999996, 0.7636
1.7689169999999876, 0.764264
1.7690550000000016, 0.764928
1.769789000000003, 0.765592
1.7700749999999985, 0.766256
1.7710340000000002, 0.76692
1.7714599999999905, 0.767584
1.7717639999999903, 0.768248
1.7719510000000014, 0.768912
1.7736150000000066, 0.769576
1.7742090000000132, 0.77024
1.7752079999999921, 0.770904
1.7758949999999913, 0.771568
1.7763399999999998, 0.772232
1.777273000000008, 0.772896
1.7782250000000204, 0.77356
1.7790230000000022, 0.774224
1.77967000000001, 0.774888
1.7797020000000003, 0.775552
1.7804840000000013, 0.776216
1.7808149999999898, 0.77688
1.7808270000000022, 0.777544
1.7810479999999984, 0.778208
1.7813449999999875, 0.778872
1.7815720000000113, 0.779536
1.782860999999997, 0.7802
1.7844470000000001, 0.780864
1.785696999999999, 0.781528
1.786970999999994, 0.782192
1.7874719999999993, 0.782856
1.7875209999999981, 0.78352
1.788217000000003, 0.784184
1.7913499999999942, 0.784848
1.7923409999999933, 0.785512
1.7941100000000034, 0.786176
1.7951319999999953, 0.78684
1.7956590000000006, 0.787504
1.7967220000000026, 0.788168
1.7976529999999968, 0.788832
1.7978580000000193, 0.789496
1.7987579999999923, 0.79016
1.7990739999999903, 0.790824
1.7991690000000062, 0.791488
1.7997939999999986, 0.792152
1.799872999999991, 0.792816
1.801400000000001, 0.79348
1.8015829999999937, 0.794144
1.8021699999999896, 0.794808
1.8023180000000139, 0.795472
1.8031119999999987, 0.796136
1.8043069999999943, 0.7968
1.805683000000002, 0.797464
1.8075589999999977, 0.798128
1.8080269999999956, 0.798792
1.8081320000000005, 0.799456
1.8084120000000041, 0.80012
1.8087679999999864, 0.800784
1.8091309999999936, 0.801448
1.8100180000000137, 0.802112
1.8101580000000013, 0.802776
1.8102250000000026, 0.80344
1.8108310000000074, 0.804104
1.8110079999999869, 0.804768
1.811629, 0.805432
1.8118650000000116, 0.806096
1.8119159999999965, 0.80676
1.8120230000000106, 0.807424
1.8121920000000102, 0.808088
1.8122859999999719, 0.808752
1.8125049999999874, 0.809416
1.813159000000013, 0.81008
1.8138439999999996, 0.810744
1.8141530000000046, 0.811408
1.8142470000000017, 0.812072
1.8144980000000004, 0.812736
1.8148160000000075, 0.8134
1.8153890000000104, 0.814064
1.8158809999999903, 0.814728
1.815903999999989, 0.815392
1.8160960000000017, 0.816056
1.8163660000000004, 0.81672
1.8164329999999893, 0.817384
1.8169200000000103, 0.818048
1.8184420000000046, 0.818712
1.8189450000000136, 0.819376
1.8195559999999986, 0.82004
1.819665999999998, 0.820704
1.8216189999999983, 0.821368
1.8219699999999932, 0.822032
1.8221059999999998, 0.822696
1.8221399999999903, 0.82336
1.8227969999999942, 0.824024
1.8236750000000086, 0.824688
1.8240810000000067, 0.825352
1.8244430000000023, 0.826016
1.8245170000000144, 0.82668
1.825474999999983, 0.827344
1.8257409999999936, 0.828008
1.8285429999999963, 0.828672
1.8285919999999862, 0.829336
1.829371999999978, 0.83
1.8294559999999933, 0.830664
1.8294860000000028, 0.831328
1.8295349999999928, 0.831992
1.8302299999999718, 0.832656
1.8304620000000114, 0.83332
1.8308220000000013, 0.833984
1.8310140000000104, 0.834648
1.831598999999997, 0.835312
1.8335780000000028, 0.835976
1.8346139999999878, 0.83664
1.8349560000000054, 0.837304
1.835770999999994, 0.837968
1.835802000000001, 0.838632
1.8359370000000013, 0.839296
1.836024, 0.83996
1.836081, 0.840624
1.8376880000000142, 0.841288
1.8394089999999892, 0.841952
1.8413419999999974, 0.842616
1.841665000000006, 0.84328
1.8417249999999967, 0.843944
1.8418800000000033, 0.844608
1.8431229999999985, 0.845272
1.8433220000000006, 0.845936
1.8435489999999959, 0.8466
1.8439109999999985, 0.847264
1.8455229999999858, 0.847928
1.8466469999999973, 0.848592
1.8471440000000143, 0.849256
1.8480199999999911, 0.84992
1.8483899999999949, 0.850584
1.8497529999999998, 0.851248
1.8508190000000004, 0.851912
1.8513469999999757, 0.852576
1.853386999999998, 0.85324
1.853792999999996, 0.853904
1.854102000000001, 0.854568
1.8541829999999777, 0.855232
1.8552379999999857, 0.855896
1.8561990000000037, 0.85656
1.856675999999993, 0.857224
1.8576329999999999, 0.857888
1.8578500000000133, 0.858552
1.8601390000000038, 0.859216
1.8610500000000059, 0.85988
1.8620329999999967, 0.860544
1.8621610000000146, 0.861208
1.863792999999987, 0.861872
1.863797, 0.862536
1.864259000000004, 0.8632
1.8648079999999823, 0.863864
1.8656839999999875, 0.864528
1.8659409999999923, 0.865192
1.8665529999999961, 0.865856
1.8677629999999965, 0.86652
1.8694770000000176, 0.867184
1.869918999999996, 0.867848
1.8703569999999985, 0.868512
1.871924000000007, 0.869176
1.8722759999999994, 0.86984
1.8730180000000018, 0.870504
1.8738309999999956, 0.871168
1.8754769999999894, 0.871832
1.875680999999986, 0.872496
1.8770489999999995, 0.87316
1.8792970000000082, 0.873824
1.8794949999999915, 0.874488
1.8802909999999997, 0.875152
1.8811919999999986, 0.875816
1.881387999999987, 0.87648
1.8820319999999953, 0.877144
1.8823580000000106, 0.877808
1.883511999999996, 0.878472
1.8835939999999987, 0.879136
1.8837330000000065, 0.8798
1.8839629999999943, 0.880464
1.884992000000011, 0.881128
1.8852480000000043, 0.881792
1.8859180000000038, 0.882456
1.8872319999999831, 0.88312
1.887707000000006, 0.883784
1.8880279999999914, 0.884448
1.8913170000000008, 0.885112
1.8916069999999934, 0.885776
1.8925560000000132, 0.88644
1.894317000000001, 0.887104
1.8953599999999966, 0.887768
1.8967230000000086, 0.888432
1.9002069999999947, 0.889096
1.9010999999999996, 0.88976
1.9014760000000024, 0.890424
1.9029920000000118, 0.891088
1.9038909999999873, 0.891752
1.9042050000000046, 0.892416
1.9051099999999996, 0.89308
1.9065100000000257, 0.893744
1.906866000000008, 0.894408
1.9069470000000024, 0.895072
1.9078540000000004, 0.895736
1.9084550000000036, 0.8964
1.9084760000000074, 0.897064
1.9091730000000098, 0.897728
1.9101009999999974, 0.898392
1.9104069999999922, 0.899056
1.910581999999998, 0.89972
1.9157660000000192, 0.900384
1.9171790000000009, 0.901048
1.9176700000000002, 0.901712
1.9183419999999956, 0.902376
1.9198449999999951, 0.90304
1.9200109999999881, 0.903704
1.9202510000000075, 0.904368
1.9204489999999996, 0.905032
1.9212479999999914, 0.905696
1.9214959999999905, 0.90636
1.9217590000000087, 0.907024
1.9228480000000001, 0.907688
1.9241770000000002, 0.908352
1.925022999999996, 0.909016
1.928500999999983, 0.90968
1.9286059999999985, 0.910344
1.9296469999999886, 0.911008
1.932313999999991, 0.911672
1.932343000000003, 0.912336
1.9337359999999997, 0.913
1.9352289999999925, 0.913664
1.9372619999999756, 0.914328
1.9385680000000036, 0.914992
1.9392110000000002, 0.915656
1.9404600000000016, 0.91632
1.941993000000025, 0.916984
1.9423710000000014, 0.917648
1.9424949999999939, 0.918312
1.9450669999999946, 0.918976
1.9517960000000016, 0.91964
1.952141000000001, 0.920304
1.953636000000003, 0.920968
1.9538220000000024, 0.921632
1.954326000000009, 0.922296
1.9557109999999938, 0.92296
1.9560539999999946, 0.923624
1.9572749999999957, 0.924288
1.9581740000000138, 0.924952
1.9582439999999934, 0.925616
1.9584939999999733, 0.92628
1.9586259999999953, 0.926944
1.9587929999999858, 0.927608
1.9590529999999973, 0.928272
1.9607349999999997, 0.928936
1.9611130000000117, 0.9296
1.962143999999995, 0.930264
1.9634790000000066, 0.930928
1.9651000000000067, 0.931592
1.965748000000005, 0.932256
1.9688170000000014, 0.93292
1.9698629999999966, 0.933584
1.9704170000000012, 0.934248
1.9712519999999998, 0.934912
1.971699000000001, 0.935576
1.9720140000000015, 0.93624
1.972814999999997, 0.936904
1.972929999999991, 0.937568
1.9750580000000042, 0.938232
1.9779629999999884, 0.938896
1.9834619999999745, 0.93956
1.9845090000000027, 0.940224
1.9848520000000036, 0.940888
1.9859419999999943, 0.941552
1.986032000000023, 0.942216
1.986198, 0.94288
1.986784, 0.943544
1.9889519999999834, 0.944208
1.9942880000000116, 0.944872
1.9956320000000005, 0.945536
1.9963889999999935, 0.9462
1.998059000000012, 0.946864
1.9985550000000103, 0.947528
1.9999500000000001, 0.948192
2.000292999999999, 0.948856
2.0030570000000125, 0.94952
2.00384600000001, 0.950184
2.004070000000013, 0.950848
2.0044980000000123, 0.951512
2.0066600000000108, 0.952176
2.0068089999999756, 0.95284
2.0072549999999865, 0.953504
2.007577000000026, 0.954168
2.008778999999997, 0.954832
2.0090649999999926, 0.955496
2.0094979999999936, 0.95616
2.010838999999976, 0.956824
2.0130270000000223, 0.957488
2.014663999999982, 0.958152
2.0200340000000097, 0.958816
2.0204459999999926, 0.95948
2.028443999999979, 0.960144
2.028472999999991, 0.960808
2.0287509999999997, 0.961472
2.0296869999999956, 0.962136
2.0297690000000017, 0.9628
2.0333300000000065, 0.963464
2.034173999999993, 0.964128
2.0358209999999985, 0.964792
2.035837000000001, 0.965456
2.042632999999995, 0.96612
2.044547999999999, 0.966784
2.0450870000000023, 0.967448
2.0462679999999978, 0.968112
2.048530999999997, 0.968776
2.0519669999999905, 0.96944
2.058072999999979, 0.970104
2.0581960000000095, 0.970768
2.063552999999999, 0.971432
2.066626999999997, 0.972096
2.0763299999999987, 0.97276
2.079768999999999, 0.973424
2.0808600000000013, 0.974088
2.0831050000000033, 0.974752
2.0836199999999963, 0.975416
2.084546000000003, 0.97608
2.084756999999996, 0.976744
2.093034999999986, 0.977408
2.098674999999986, 0.978072
2.111773, 0.978736
2.1133250000000032, 0.9794
2.113537000000008, 0.980064
2.1197889999999973, 0.980728
2.125389999999996, 0.981392
2.126359000000008, 0.982056
2.141424999999998, 0.98272
2.142458999999974, 0.983384
2.1449499999999944, 0.984048
2.146878, 0.984712
2.173276999999999, 0.985376
2.175887000000003, 0.98604
2.204102000000006, 0.986704
2.2345049999999986, 0.987368
2.2354920000000007, 0.988032
2.2420689999999865, 0.988696
2.2625309999999956, 0.98936
2.2634649999999965, 0.990024
2.2725849999999994, 0.990688
2.296606, 0.991352
2.312106, 0.992016
2.4098279999999974, 0.99268
2.430439, 0.993344
2.444015, 0.994008
2.74309, 0.994672
2.80537, 0.995336
2.805964, 0.996
2.970406, 0.996664
3.010349, 0.997328
3.106832, 0.997992
