0.8009930000000054, 9.12e-4
0.8082600000000184, 1.824e-3
0.810576999999995, 2.736e-3
0.8105960000000039, 3.648e-3
0.8106349999999907, 4.56e-3
0.8117600000000067, 5.472e-3
0.8117819999999938, 7.296e-3
0.813949000000008, 8.208e-3
0.8156859999999995, 9.12e-3
0.8163969999999949, 1.0032e-2
0.8164050000000032, 1.0944e-2
0.8165559999999914, 1.1856e-2
0.8165560000000056, 1.2768e-2
0.8166520000000048, 1.368e-2
0.8179779999999823, 1.4592e-2
0.818838999999997, 1.5504e-2
0.8189940000000036, 1.6416e-2
0.8192919999999901, 1.7328e-2
0.8192980000000034, 1.824e-2
0.8194359999999961, 1.9152e-2
0.8200070000000039, 2.0064e-2
0.8220090000000084, 2.0976e-2
0.8222989999999868, 2.1888e-2
0.8238499999999931, 2.28e-2
0.8241350000000125, 2.3712e-2
0.8250409999999988, 2.4624e-2
0.8264450000000068, 2.5536e-2
0.8283720000000017, 2.6448e-2
0.8297599999999932, 2.736e-2
0.8314240000000268, 2.8272e-2
0.8370539999999949, 2.9184e-2
0.8390519999999952, 3.0096e-2
0.8391110000000026, 3.1008e-2
0.8392350000000022, 3.192e-2
0.8395920000000103, 3.2832e-2
0.8401960000000059, 3.3744e-2
0.8411879999999883, 3.4656e-2
0.8443320000000085, 3.5568e-2
0.8580290000000019, 3.648e-2
0.8582110000000114, 3.7392e-2
0.8584040000000073, 3.8304e-2
0.8603729999999956, 3.9216e-2
0.8606489999999951, 4.0128e-2
0.860668999999973, 4.104e-2
0.8606690000000015, 4.1952e-2
0.8606880000000103, 4.2864e-2
0.8607079999999883, 4.3776e-2
0.8607669999999956, 4.4688e-2
0.8607690000000048, 4.56e-2
0.8607880000000137, 4.6512e-2
0.860826999999972, 4.7424e-2
0.8608270000000005, 4.8336e-2
0.8608600000000024, 4.9248e-2
0.862876, 5.016e-2
0.8629740000000083, 5.1072e-2
0.8655650000000037, 5.1984e-2
0.8664170000000126, 5.2896e-2
0.8677979999999934, 5.3808e-2
0.8683639999999855, 5.472e-2
0.8769460000000038, 5.5632e-2
0.8790839999999776, 5.6544e-2
0.8803219999999783, 5.7456e-2
0.8803220000000067, 5.8368e-2
0.8811440000000061, 5.928e-2
0.881534000000002, 6.0192e-2
0.8824459999999874, 6.1104e-2
0.8846580000000017, 6.2016e-2
0.8846670000000074, 6.2928e-2
0.8846999999999952, 6.384e-2
0.8847719999999981, 6.4752e-2
0.8850719999999939, 6.5664e-2
0.8856700000000046, 6.6576e-2
0.887205999999992, 6.7488e-2
0.8885050000000092, 6.84e-2
0.8889999999999958, 6.9312e-2
0.8904139999999927, 7.0224e-2
0.8944160000000068, 7.1136e-2
0.8944349999999872, 7.2048e-2
0.8958010000000058, 7.296e-2
0.8962680000000063, 7.3872e-2
0.8989349999999945, 7.4784e-2
0.8996690000000029, 7.5696e-2
0.9006339999999966, 7.6608e-2
0.9034540000000106, 7.752e-2
0.9048570000000069, 7.8432e-2
0.907352000000003, 7.9344e-2
0.9085790000000031, 8.0256e-2
0.908598000000012, 8.1168e-2
0.9089579999999984, 8.208e-2
0.9097690000000114, 8.2992e-2
0.9100720000000138, 8.3904e-2
0.9102579999999989, 8.4816e-2
0.910995000000014, 8.5728e-2
0.9110160000000178, 8.664e-2
0.9110560000000021, 8.7552e-2
0.9113710000000026, 8.8464e-2
0.9114219999999875, 8.9376e-2
0.9116479999999996, 9.0288e-2
0.9116480000000138, 9.12e-2
0.9118899999999996, 9.2112e-2
0.9126089999999749, 9.3024e-2
0.9127990000000068, 9.3936e-2
0.913375000000002, 9.4848e-2
0.9133939999999825, 9.576e-2
0.9141989999999964, 9.6672e-2
0.9142190000000028, 9.7584e-2
0.914258000000018, 9.8496e-2
0.914258999999987, 9.9408e-2
0.9143379999999866, 0.10032
0.9143569999999954, 0.101232
0.9143770000000018, 0.102144
0.9143939999999873, 0.103056
0.9145760000000109, 0.103968
0.9145949999999914, 0.10488
0.9146749999999884, 0.105792
0.9149569999999869, 0.106704
0.9150490000000104, 0.107616
0.9159670000000233, 0.108528
0.9159859999999753, 0.10944
0.9159860000000037, 0.110352
0.917067999999972, 0.111264
0.9170989999999932, 0.112176
0.9183879999999931, 0.113088
0.9192299999999989, 0.114
0.919271000000009, 0.114912
0.9222310000000107, 0.115824
0.9222499999999911, 0.117648
0.9222500000000053, 0.11856
0.9222699999999975, 0.119472
0.9247990000000073, 0.120384
0.9248189999999994, 0.121296
0.9248640000000137, 0.122208
0.9255870000000073, 0.124032
0.9257080000000002, 0.124944
0.9270099999999957, 0.125856
0.9272489999999891, 0.126768
0.927858999999998, 0.12768
0.9280119999999954, 0.128592
0.9318119999999936, 0.129504
0.9318120000000079, 0.131328
0.9323590000000195, 0.13224
0.9324330000000032, 0.133152
0.9328360000000089, 0.134064
0.9331320000000005, 0.134976
0.9332340000000272, 0.135888
0.9332529999999792, 0.1368
0.9332919999999945, 0.138624
0.9333680000000015, 0.139536
0.9333919999999978, 0.140448
0.9358850000000132, 0.14136
0.9359230000000025, 0.142272
0.9389590000000112, 0.143184
0.9409129999999948, 0.144096
0.9417799999999943, 0.145008
0.9418390000000159, 0.14592
0.9420949999999948, 0.146832
0.942118999999991, 0.147744
0.9422099999999887, 0.148656
0.943255999999991, 0.149568
0.9436129999999991, 0.15048
0.9453709999999944, 0.151392
0.9467679999999916, 0.152304
0.9469010000000253, 0.153216
0.9471209999999957, 0.154128
0.9475779999999929, 0.15504
0.9484170000000063, 0.155952
0.9486550000000022, 0.156864
0.950285000000008, 0.157776
0.9511360000000053, 0.158688
0.9513819999999953, 0.1596
0.95159799999999, 0.160512
0.9519359999999892, 0.161424
0.9519769999999994, 0.162336
0.9520390000000134, 0.163248
0.9524519999999939, 0.16416
0.9526549999999929, 0.165072
0.9535000000000053, 0.165984
0.9535280000000057, 0.166896
0.9536719999999974, 0.167808
0.9553729999999945, 0.16872
0.9567000000000121, 0.169632
0.9604319999999973, 0.170544
0.9606200000000058, 0.171456
0.9606399999999979, 0.17328
0.9616819999999962, 0.174192
0.9618949999999984, 0.175104
0.9619959999999992, 0.176016
0.9620140000000106, 0.176928
0.9623520000000099, 0.17784
0.9625100000000089, 0.178752
0.9625619999999913, 0.179664
0.9630210000000261, 0.180576
0.9633949999999913, 0.181488
0.9636509999999987, 0.1824
0.9638219999999933, 0.183312
0.9638559999999927, 0.184224
0.9663889999999924, 0.185136
0.9694430000000125, 0.186048
0.969852000000003, 0.188785
0.970074000000011, 0.189697
0.9707210000000259, 0.190609
0.9707500000000095, 0.191521
0.9710259999999948, 0.192433
0.9716559999999959, 0.193345
0.9716750000000047, 0.195169
0.9717679999999973, 0.196081
0.9768969999999939, 0.196993
0.9775980000000004, 0.197905
0.977714000000006, 0.198817
0.9777479999999912, 0.199729
0.9784600000000125, 0.200641
0.9799409999999966, 0.201553
0.9800539999999955, 0.202465
0.9800740000000019, 0.204289
0.9812509999999861, 0.205201
0.981774999999999, 0.206113
0.981806000000006, 0.207025
0.9818579999999884, 0.208849
0.9818580000000026, 0.209761
0.9820449999999994, 0.210673
0.9821440000000052, 0.211585
0.982167000000004, 0.212497
0.9822120000000041, 0.213409
0.9822409999999877, 0.214321
0.9857489999999984, 0.215233
0.9858980000000201, 0.216145
0.9865680000000054, 0.217057
0.9866870000000034, 0.217969
0.9871310000000051, 0.218881
0.9871890000000008, 0.219793
0.9875710000000026, 0.220705
0.9883980000000037, 0.221617
0.9889229999999998, 0.222529
0.9904689999999903, 0.223441
0.9925230000000056, 0.224353
0.9925420000000003, 0.225265
0.9925619999999924, 0.226177
0.9925819999999987, 0.227089
0.9926009999999792, 0.228001
0.9930919999999901, 0.228913
0.9937459999999874, 0.229825
0.9937659999999937, 0.230737
0.9939970000000073, 0.231649
0.9940579999999954, 0.232561
0.9940770000000043, 0.233473
0.9941139999999962, 0.234385
0.9942240000000027, 0.235297
0.9942509999999913, 0.236209
0.9942529999999863, 0.237121
0.9944320000000175, 0.238033
0.9945089999999936, 0.238945
0.9945319999999924, 0.239857
0.9959719999999948, 0.240769
0.9982919999999922, 0.241681
0.9983310000000074, 0.242593
0.9983900000000006, 0.243505
0.9997970000000009, 0.244417
1.0018309999999815, 0.245329
1.0024219999999957, 0.246241
1.0024229999999932, 0.247153
1.0024370000000005, 0.248065
1.0041379999999975, 0.248977
1.005030000000005, 0.249889
1.005326999999994, 0.250801
1.0056399999999996, 0.251713
1.0058810000000022, 0.252625
1.0082330000000184, 0.253537
1.0086490000000055, 0.254449
1.008687000000009, 0.255361
1.0086880000000065, 0.256273
1.0087070000000011, 0.257185
1.0100300000000004, 0.258097
1.0102250000000055, 0.259009
1.0124549999999886, 0.259921
1.013179000000008, 0.260833
1.0132670000000132, 0.261745
1.0134070000000008, 0.262657
1.020450000000011, 0.263569
1.0208369999999718, 0.264481
1.0211499999999774, 0.265393
1.0211780000000061, 0.266305
1.0213880000000017, 0.267217
1.021965999999992, 0.268129
1.0222530000000063, 0.269041
1.0227580000000103, 0.269953
1.0236360000000104, 0.270865
1.0255269999999967, 0.271777
1.0265730000000133, 0.272689
1.0272029999999859, 0.273601
1.0272620000000074, 0.274513
1.027263000000005, 0.275425
1.0274779999999737, 0.276337
1.0276000000000067, 0.277249
1.0277729999999963, 0.278161
1.0290709999999876, 0.279073
1.0312680000000114, 0.279985
1.0313800000000128, 0.280897
1.0314189999999996, 0.281809
1.031599, 0.282721
1.0317759999999936, 0.283633
1.0318949999999916, 0.284545
1.033614, 0.285457
1.0338509999999985, 0.286369
1.0339079999999967, 0.287281
1.0346600000000024, 0.288193
1.035032000000001, 0.289105
1.0357209999999952, 0.290017
1.0374400000000037, 0.294579
1.0383170000000064, 0.295491
1.0386659999999779, 0.296403
1.0391529999999989, 0.297315
1.0392329999999959, 0.298227
1.0392350000000192, 0.299139
1.0393359999999916, 0.300051
1.0394550000000038, 0.300963
1.0394939999999906, 0.301875
1.0414989999999875, 0.302787
1.0424270000000035, 0.303699
1.0430939999999964, 0.304611
1.0431130000000053, 0.307348
1.043231999999989, 0.30826
1.0445679999999982, 0.309172
1.045464999999993, 0.310084
1.0461249999999893, 0.310996
1.047493000000003, 0.311908
1.047551999999996, 0.31282
1.047571000000005, 0.313732
1.0475729999999999, 0.314644
1.0476899999999887, 0.315556
1.0481630000000024, 0.316468
1.0489120000000014, 0.31738
1.0497760000000085, 0.318292
1.0504730000000109, 0.319204
1.0506680000000017, 0.320116
1.0509869999999921, 0.321028
1.0513579999999934, 0.32194
1.0513770000000022, 0.323764
1.0518189999999947, 0.324676
1.0519489999999792, 0.325588
1.0519899999999893, 0.3265
1.052030000000002, 0.327412
1.0520500000000084, 0.328324
1.0520890000000236, 0.329236
1.0521090000000015, 0.330148
1.0521280000000104, 0.33106
1.0527299999999968, 0.331972
1.0530820000000176, 0.332884
1.0548220000000015, 0.333796
1.0554600000000107, 0.334708
1.055544999999995, 0.33562
1.057089000000019, 0.336532
1.0572090000000003, 0.337444
1.0573689999999942, 0.338356
1.0575139999999976, 0.339268
1.0618589999999983, 0.341092
1.0618790000000047, 0.342004
1.0638969999999972, 0.342916
1.064419000000001, 0.343828
1.064485999999988, 0.34474
1.0646810000000073, 0.345652
1.0647239999999982, 0.346564
1.0651790000000005, 0.347476
1.066196000000005, 0.348388
1.0672119999999978, 0.3493
1.0682280000000048, 0.350212
1.0683089999999993, 0.351124
1.0698280000000011, 0.352036
1.0703829999999925, 0.352948
1.070921999999996, 0.35386
1.0718980000000045, 0.354772
1.0719950000000011, 0.355684
1.072213000000005, 0.356596
1.0722530000000035, 0.357508
1.0725950000000068, 0.35842
1.0734290000000044, 0.359332
1.0741439999999898, 0.360244
1.0743970000000047, 0.361156
1.0744179999999943, 0.362068
1.0757289999999955, 0.36298
1.0760060000000067, 0.363892
1.0761249999999905, 0.364804
1.076184000000012, 0.365716
1.0762440000000026, 0.366628
1.076502000000005, 0.36754
1.0769679999999937, 0.368452
1.0771259999999927, 0.369364
1.077245000000005, 0.370276
1.0804190000000062, 0.371188
1.0819529999999986, 0.3721
1.0824069999999892, 0.373012
1.083880000000022, 0.373924
1.08399, 0.374836
1.0859750000000048, 0.375748
1.0860739999999964, 0.37666
1.0862510000000043, 0.377572
1.0862520000000018, 0.378484
1.086656000000005, 0.379396
1.0874640000000113, 0.380308
1.0875970000000024, 0.38122
1.0876129999999762, 0.382132
1.087615999999997, 0.383044
1.0876750000000044, 0.383956
1.0877370000000042, 0.384868
1.087853999999993, 0.38578
1.0879460000000023, 0.386692
1.0880539999999996, 0.387604
1.0880730000000085, 0.388516
1.0882310000000075, 0.389428
1.0882909999999981, 0.39034
1.0883110000000045, 0.391252
1.088910999999996, 0.392164
1.0892479999999978, 0.393076
1.0893550000000118, 0.393988
1.089589999999987, 0.3949
1.0896099999999933, 0.395812
1.0897879999999986, 0.396724
1.0898829999999862, 0.397636
1.0906249999999886, 0.398548
1.0908740000000137, 0.39946
1.0909520000000157, 0.400372
1.0912529999999947, 0.401284
1.09147999999999, 0.402196
1.0915009999999938, 0.403108
1.0915200000000027, 0.40402
1.0920549999999878, 0.404932
1.092960000000005, 0.405844
1.093135999999987, 0.406756
1.0931570000000193, 0.407668
1.0933949999999868, 0.409492
1.093395000000001, 0.410404
1.0934149999999931, 0.411316
1.0935550000000092, 0.412228
1.0936330000000112, 0.41314
1.0937850000000253, 0.414052
1.0952179999999885, 0.414964
1.0955449999999871, 0.415876
1.096285000000023, 0.416788
1.0964599999999791, 0.4177
1.0976019999999949, 0.418612
1.098893000000004, 0.419524
1.1006210000000038, 0.420436
1.101741000000004, 0.421348
1.1020429999999806, 0.42226
1.1025439999999946, 0.423172
1.1026729999999958, 0.424084
1.102803999999992, 0.424996
1.1033689999999865, 0.425908
1.1045970000000125, 0.42682
1.1059840000000065, 0.427732
1.1069150000000008, 0.428644
1.1070940000000036, 0.429556
1.1073629999999923, 0.43138
1.1083030000000065, 0.432292
1.1084789999999884, 0.433204
1.1108739999999955, 0.434116
1.1126200000000068, 0.435028
1.1129549999999995, 0.43594
1.1157359999999983, 0.436852
1.116139999999973, 0.437764
1.1163160000000119, 0.438676
1.1163489999999996, 0.439588
1.1164070000000095, 0.4405
1.1167149999999992, 0.441412
1.1167350000000056, 0.442324
1.1167619999999943, 0.443236
1.116909000000021, 0.444148
1.1198750000000075, 0.44506
1.1199330000000032, 0.445972
1.1201739999999916, 0.446884
1.1205019999999877, 0.447796
1.1207200000000057, 0.448708
1.120915999999994, 0.44962
1.120976000000013, 0.450532
1.1211739999999963, 0.451444
1.1216479999999933, 0.452356
1.1222359999999867, 0.453268
1.1228639999999928, 0.45418
1.1235829999999964, 0.455092
1.1236030000000028, 0.456004
1.124245000000002, 0.456916
1.1245979999999918, 0.457828
1.1246639999999957, 0.45874
1.1271020000000078, 0.459652
1.1272009999999995, 0.460564
1.1272010000000137, 0.461476
1.1272400000000005, 0.4633
1.1277959999999894, 0.466037
1.1277960000000036, 0.466949
1.129585999999989, 0.467861
1.1301129999999944, 0.468773
1.131229999999988, 0.469685
1.1317200000000014, 0.470597
1.1319509999999866, 0.471509
1.1319589999999948, 0.472421
1.1323639999999955, 0.473333
1.1333679999999902, 0.474245
1.1336059999999861, 0.475157
1.1338220000000092, 0.476069
1.1354019999999991, 0.476981
1.1368219999999951, 0.477893
1.1369020000000063, 0.478805
1.1370210000000043, 0.479717
1.1372650000000135, 0.480629
1.1374819999999772, 0.481541
1.1375390000000039, 0.482453
1.1384229999999889, 0.483365
1.138608999999974, 0.484277
1.1390329999999835, 0.485189
1.139033000000012, 0.487013
1.1390829999999994, 0.487925
1.1391020000000083, 0.488837
1.139140999999995, 0.490661
1.1394679999999937, 0.491573
1.1398309999999867, 0.492485
1.1411380000000122, 0.493397
1.1411579999999901, 0.494309
1.1415870000000012, 0.495221
1.1461940000000084, 0.496133
1.146682999999996, 0.497045
1.1468450000000132, 0.497957
1.147081, 0.498869
1.1472059999999829, 0.499781
1.1472909999999956, 0.500693
1.1474420000000123, 0.501605
1.147547000000003, 0.502517
1.1482619999999883, 0.503429
1.1482919999999979, 0.504341
1.1483120000000042, 0.505253
1.149723999999992, 0.506165
1.1509460000000047, 0.507077
1.151332999999994, 0.507989
1.156772999999987, 0.508901
1.1579690000000085, 0.509813
1.158366000000001, 0.510725
1.1586269999999956, 0.511637
1.1586300000000023, 0.512549
1.159329999999997, 0.513461
1.1595550000000117, 0.514373
1.162538000000012, 0.515285
1.1625720000000115, 0.516197
1.1641419999999982, 0.517109
1.1657659999999908, 0.518021
1.166671000000008, 0.518933
1.167192, 0.519845
1.1696880000000078, 0.520757
1.1700369999999936, 0.521669
1.1707899999999967, 0.522581
1.1716229999999968, 0.523493
1.1720880000000022, 0.524405
1.1721080000000086, 0.525317
1.1721960000000138, 0.526229
1.1722149999999942, 0.527141
1.1722350000000006, 0.528053
1.1723149999999976, 0.528965
1.1724339999999955, 0.529877
1.1738859999999818, 0.530789
1.1738869999999935, 0.531701
1.1741440000000125, 0.532613
1.1744719999999802, 0.533525
1.1756930000000239, 0.534437
1.1769950000000051, 0.535349
1.178510000000017, 0.536261
1.178699999999992, 0.537173
1.1787199999999984, 0.538085
1.1788329999999974, 0.538997
1.1788720000000126, 0.539909
1.1810590000000047, 0.540821
1.181079000000011, 0.541733
1.1832670000000007, 0.542645
1.184123999999997, 0.543557
1.1842430000000093, 0.544469
1.1843190000000021, 0.545381
1.1844000000000108, 0.546293
1.1844189999999912, 0.547205
1.1844190000000054, 0.548117
1.1845189999999945, 0.549029
1.184755999999993, 0.549941
1.1847569999999905, 0.551765
1.184775000000002, 0.552677
1.1847950000000083, 0.553589
1.1870999999999867, 0.554501
1.1872769999999946, 0.555413
1.1873350000000187, 0.556325
1.187336000000002, 0.557237
1.1873970000000043, 0.558149
1.187435999999991, 0.559061
1.1884849999999858, 0.559973
1.1886010000000056, 0.560885
1.1887220000000127, 0.561797
1.189058999999986, 0.562709
1.1891980000000046, 0.563621
1.1892040000000037, 0.564533
1.1894950000000222, 0.565445
1.1895739999999932, 0.566357
1.1895779999999974, 0.567269
1.189947999999987, 0.568181
1.192924000000005, 0.569093
1.19528600000001, 0.570005
1.1955079999999896, 0.570917
1.1966679999999883, 0.572741
1.196864000000005, 0.573653
1.1969829999999888, 0.574565
1.197023999999999, 0.575477
1.1972760000000022, 0.576389
1.1973940000000027, 0.577301
1.1973950000000002, 0.578213
1.197433999999987, 0.579125
1.1987349999999992, 0.580037
1.1992250000000126, 0.580949
1.1994630000000086, 0.581861
1.2018449999999916, 0.582773
1.2021199999999936, 0.583685
1.2021540000000073, 0.584597
1.2021660000000054, 0.585509
1.2027429999999981, 0.586421
1.2027699999999868, 0.587333
1.205565000000007, 0.588245
1.2057889999999816, 0.589157
1.206608999999986, 0.590069
1.207257999999996, 0.590981
1.2072770000000048, 0.591893
1.207457000000005, 0.592805
1.207872000000009, 0.593717
1.2079109999999957, 0.594629
1.2079909999999927, 0.595541
1.208030000000008, 0.596453
1.2092690000000061, 0.597365
1.2094350000000134, 0.598277
1.2094539999999938, 0.599189
1.2094629999999995, 0.600101
1.2094740000000002, 0.601013
1.209493000000009, 0.601925
1.209512000000018, 0.602837
1.209692000000004, 0.603749
1.209733, 0.604661
1.209791999999993, 0.605573
1.2100220000000093, 0.606485
1.2102919999999955, 0.607397
1.2103510000000028, 0.608309
1.2106880000000046, 0.609221
1.2108069999999884, 0.610133
1.2121649999999988, 0.611045
1.2121650000000272, 0.611957
1.2122229999999945, 0.612869
1.2124610000000047, 0.613781
1.2125540000000115, 0.614693
1.2144040000000018, 0.615605
1.2155879999999968, 0.616517
1.2177299999999889, 0.617429
1.2182569999999942, 0.618341
1.218500000000006, 0.619253
1.2188090000000216, 0.620165
1.2188500000000033, 0.621077
1.2189280000000053, 0.621989
1.2190080000000023, 0.622901
1.2191859999999934, 0.623813
1.2192070000000115, 0.624725
1.2193460000000016, 0.625637
1.219364999999982, 0.626549
1.2195639999999912, 0.627461
1.2197030000000098, 0.628373
1.2197219999999902, 0.629285
1.2198019999999872, 0.630197
1.2198129999999878, 0.631109
1.2198160000000087, 0.632021
1.2198410000000024, 0.633845
1.2199430000000007, 0.634757
1.2201450000000023, 0.635669
1.2202780000000075, 0.636581
1.2240909999999872, 0.637493
1.2253509999999892, 0.638405
1.2258839999999935, 0.639317
1.235564999999994, 0.640229
1.2363200000000063, 0.642053
1.2368299999999977, 0.642965
1.2381110000000035, 0.643877
1.238504000000006, 0.644789
1.2385239999999982, 0.645701
1.2385240000000124, 0.646613
1.2385620000000017, 0.647525
1.2386539999999968, 0.648437
1.2444489999999746, 0.649349
1.24601100000001, 0.650261
1.2460370000000012, 0.651173
1.2461160000000007, 0.652085
1.2461370000000045, 0.652997
1.2462150000000065, 0.653909
1.2464530000000025, 0.654821
1.2483639999999951, 0.655733
1.248392999999993, 0.656645
1.2484829999999931, 0.657557
1.2486820000000023, 0.658469
1.252010999999996, 0.659381
1.2532369999999986, 0.660293
1.2542629999999946, 0.661205
1.2552719999999908, 0.662117
1.2553379999999947, 0.663029
1.2559799999999939, 0.663941
1.2563940000000002, 0.664853
1.2566270000000088, 0.665765
1.2566480000000126, 0.666677
1.2572349999999801, 0.667589
1.25744499999999, 0.668501
1.257801999999998, 0.669413
1.2578029999999956, 0.670325
1.2580020000000047, 0.671237
1.2580409999999915, 0.672149
1.258041999999989, 0.673061
1.2580619999999954, 0.673973
1.2580810000000042, 0.674885
1.2580820000000017, 0.675797
1.2581610000000012, 0.676709
1.2583000000000055, 0.677621
1.2595180000000141, 0.678533
1.2612749999999977, 0.679445
1.2615030000000047, 0.680357
1.2633559999999875, 0.681269
1.2638609999999915, 0.682181
1.2640420000000177, 0.683093
1.2645669999999996, 0.684005
1.2647650000000112, 0.684917
1.2676379999999767, 0.685829
1.2685819999999808, 0.687653
1.268581999999995, 0.688565
1.2685820000000092, 0.690389
1.2735720000000015, 0.691301
1.275160999999997, 0.693125
1.275180000000006, 0.694037
1.278160000000014, 0.694949
1.280069999999995, 0.695861
1.2800700000000234, 0.696773
1.280269000000004, 0.697685
1.2811619999999948, 0.698597
1.2811820000000012, 0.699509
1.2815390000000093, 0.700421
1.281696999999994, 0.701333
1.2817169999999862, 0.702245
1.2835249999999974, 0.703157
1.2835959999999886, 0.704069
1.2844969999999876, 0.704981
1.2845780000000104, 0.705893
1.2847739999999988, 0.706805
1.285915999999986, 0.707717
1.2883899999999926, 0.708629
1.2933610000000044, 0.709541
1.2964039999999954, 0.710453
1.298575999999997, 0.711365
1.2985850000000028, 0.712277
1.298876000000007, 0.713189
1.3004109999999969, 0.714101
1.3016809999999737, 0.715013
1.3038319999999999, 0.715925
1.3111199999999883, 0.716837
1.3113850000000014, 0.717749
1.3137820000000033, 0.718661
1.3139400000000023, 0.719573
1.3146539999999902, 0.720485
1.3147730000000024, 0.721397
1.3147930000000088, 0.722309
1.3175800000000208, 0.723221
1.3175990000000013, 0.724133
1.318228999999974, 0.725045
1.3182549999999935, 0.725957
1.3183480000000145, 0.726869
1.318366999999995, 0.727781
1.3183680000000066, 0.728693
1.3183870000000013, 0.729605
1.318571999999989, 0.730517
1.318870000000004, 0.731429
1.3194139999999948, 0.732341
1.319517999999988, 0.733253
1.3195380000000227, 0.734165
1.3195570000000032, 0.735077
1.3195580000000007, 0.735989
1.3195770000000095, 0.736901
1.3206440000000015, 0.737813
1.3206440000000157, 0.738725
1.3207219999999893, 0.740549
1.3221420000000137, 0.741461
1.3221739999999897, 0.742373
1.3230990000000133, 0.743285
1.323457999999988, 0.744197
1.3235160000000121, 0.745109
1.3235170000000096, 0.746021
1.32353599999999, 0.746933
1.3240059999999971, 0.747845
1.3254330000000039, 0.748757
1.3263179999999863, 0.749669
1.326389000000006, 0.750581
1.3275500000000022, 0.751493
1.3287480000000045, 0.752405
1.3288780000000031, 0.753317
1.3300720000000013, 0.754229
1.3301050000000032, 0.755141
1.3316839999999956, 0.756053
1.331704000000002, 0.756965
1.3317429999999888, 0.757877
1.3317619999999977, 0.758789
1.3322339999999997, 0.759701
1.3322729999999865, 0.761525
1.3323120000000017, 0.762437
1.3323530000000119, 0.763349
1.3323729999999898, 0.764261
1.3323919999999987, 0.765173
1.3324719999999957, 0.766085
1.3325110000000109, 0.766997
1.3326299999999947, 0.767909
1.332729999999998, 0.768821
1.3327490000000068, 0.769733
1.3327879999999936, 0.770645
1.3328290000000038, 0.771557
1.3328490000000102, 0.772469
1.3331059999999866, 0.773381
1.3349890000000073, 0.774293
1.3351470000000063, 0.775205
1.3366399999999885, 0.776117
1.339603000000011, 0.777029
1.3404299999999978, 0.777941
1.340806999999998, 0.778853
1.340925999999996, 0.779765
1.3410030000000006, 0.780677
1.341023000000007, 0.781589
1.341161999999997, 0.782501
1.3412830000000042, 0.784325
1.3413600000000088, 0.785237
1.3414599999999979, 0.786149
1.341559999999987, 0.787061
1.3415650000000028, 0.787973
1.3416979999999938, 0.788885
1.3417589999999961, 0.789797
1.341856000000007, 0.790709
1.341858000000002, 0.791621
1.3418779999999941, 0.792533
1.342659999999995, 0.793445
1.3432020000000051, 0.794357
1.343321000000003, 0.795269
1.343937000000011, 0.796181
1.3446440000000024, 0.797093
1.345339999999993, 0.798005
1.3464170000000024, 0.798917
1.347171000000003, 0.799829
1.3482229999999902, 0.800741
1.3482230000000044, 0.801653
1.351146, 0.802565
1.3533630000000016, 0.803477
1.3537939999999935, 0.804389
1.3552809999999909, 0.805301
1.3553210000000036, 0.806213
1.3558559999999886, 0.807125
1.355955999999992, 0.808037
1.360133999999988, 0.808949
1.36099999999999, 0.809861
1.3618129999999837, 0.810773
1.3620839999999816, 0.811685
1.3632829999999956, 0.812597
1.36415599999998, 0.813509
1.364512999999988, 0.814421
1.3646319999999719, 0.815333
1.3647320000000036, 0.816245
1.3647710000000046, 0.817157
1.3675969999999893, 0.818069
1.3678899999999885, 0.818981
1.3713380000000086, 0.819893
1.371356999999989, 0.821717
1.3713570000000033, 0.822629
1.373765000000006, 0.823541
1.3744580000000042, 0.824453
1.3797969999999964, 0.825365
1.3809289999999947, 0.826277
1.381022999999999, 0.827189
1.3813319999999862, 0.828101
1.3813729999999964, 0.829013
1.3820889999999935, 0.829925
1.3825019999999881, 0.830837
1.382946000000004, 0.831749
1.3830829999999992, 0.832661
1.3846130000000016, 0.833573
1.3885349999999903, 0.834485
1.3895969999999807, 0.835397
1.3899999999999864, 0.836309
1.3937099999999987, 0.837221
1.398368000000005, 0.838133
1.4005659999999978, 0.839045
1.4024479999999926, 0.839957
1.4063360000000102, 0.840869
1.4064740000000029, 0.841781
1.40669299999999, 0.842693
1.4072080000000255, 0.843605
1.4073470000000015, 0.844517
1.4074540000000013, 0.845429
1.409969999999987, 0.846341
1.410459000000003, 0.847253
1.4107510000000048, 0.848165
1.4108280000000093, 0.849077
1.4108949999999965, 0.849989
1.4139509999999973, 0.850901
1.414748000000003, 0.851813
1.415360000000021, 0.852725
1.4178849999999983, 0.853637
1.4187359999999956, 0.854549
1.418931999999998, 0.855461
1.4190140000000042, 0.856373
1.4202139999999872, 0.857285
1.4235069999999723, 0.858197
1.4240780000000086, 0.859109
1.424588, 0.860021
1.427412000000004, 0.860933
1.428415000000001, 0.861845
1.4284550000000138, 0.862757
1.428514000000007, 0.864581
1.4285340000000133, 0.867318
1.4286329999999907, 0.86823
1.428633000000005, 0.869142
1.4286920000000123, 0.870966
1.4287719999999808, 0.871878
1.4287720000000093, 0.87279
1.4302319999999895, 0.873702
1.430565999999999, 0.874614
1.4305860000000052, 0.876438
1.4316200000000094, 0.87735
1.43902700000001, 0.878262
1.4394499999999937, 0.879174
1.4400540000000035, 0.880086
1.4401340000000005, 0.880998
1.4402139999999974, 0.88191
1.4403330000000096, 0.882822
1.4450929999999858, 0.883734
1.445093, 0.885558
1.4450930000000142, 0.889207
1.4490690000000086, 0.890119
1.4496640000000127, 0.891031
1.4505320000000097, 0.891943
1.4534339999999872, 0.892855
1.4534929999999946, 0.893767
1.4536729999999949, 0.894679
1.454308000000026, 0.895591
1.455648999999994, 0.896503
1.456860000000006, 0.897415
1.4569060000000036, 0.898327
1.4571819999999889, 0.899239
1.4611869999999954, 0.901063
1.4641100000000051, 0.904712
1.464901999999995, 0.905624
1.464960000000005, 0.906536
1.464979999999997, 0.907448
1.4650210000000072, 0.90836
1.465098999999995, 0.909272
1.4650990000000093, 0.910184
1.4652169999999956, 0.911096
1.4656349999999918, 0.912008
1.4656939999999992, 0.91292
1.4656940000000134, 0.913832
1.4657940000000025, 0.914744
1.4659319999999951, 0.915656
1.4660930000000008, 0.916568
1.4662470000000098, 0.91748
1.4673879999999997, 0.918392
1.4675070000000119, 0.919304
1.4695499999999981, 0.920216
1.4698680000000053, 0.921128
1.4698820000000126, 0.92204
1.4699999999999989, 0.922952
1.4721040000000016, 0.923864
1.474583999999993, 0.924776
1.4746450000000095, 0.925688
1.4747820000000047, 0.9266
1.474802000000011, 0.927512
1.4748030000000085, 0.928424
1.4756539999999916, 0.929336
1.4768799999999942, 0.930248
1.4769410000000107, 0.93116
1.4769799999999975, 0.932072
1.4774160000000052, 0.932984
1.4774170000000026, 0.933896
1.4774359999999973, 0.93572
1.4774360000000115, 0.938457
1.4774559999999894, 0.939369
1.4775940000000105, 0.940281
1.4777070000000094, 0.941193
1.4814329999999813, 0.942105
1.481552000000022, 0.943017
1.484689000000003, 0.943929
1.4862509999999958, 0.944841
1.4863699999999938, 0.945753
1.486489000000006, 0.946665
1.486608000000004, 0.947577
1.4876010000000122, 0.948489
1.489832999999976, 0.949401
1.4909759999999892, 0.950313
1.4928819999999945, 0.951225
1.4931039999999882, 0.952137
1.4933790000000045, 0.953049
1.4934180000000055, 0.954873
1.4934370000000001, 0.955785
1.493438000000026, 0.956697
1.4935759999999902, 0.957609
1.4936700000000087, 0.958521
1.4938270000000102, 0.959433
1.493945999999994, 0.960345
1.4946280000000058, 0.961257
1.496721999999977, 0.962169
1.4969699999999762, 0.963081
1.5082459999999998, 0.963993
1.5083660000000236, 0.964905
1.508385000000004, 0.965817
1.5083860000000016, 0.968554
1.5084239999999909, 0.969466
1.5084909999999923, 0.970378
1.5086239999999975, 0.97129
1.5088420000000013, 0.972202
1.5089619999999968, 0.973114
1.5090600000000052, 0.974026
1.509079999999983, 0.974938
1.509081000000009, 0.97585
1.5091600000000085, 0.976762
1.5207189999999855, 0.977674
1.5338040000000035, 0.978586
1.5393280000000118, 0.979498
1.5417209999999955, 0.98041
1.5453890000000001, 0.981322
1.545706999999993, 0.982234
1.5460240000000027, 0.983146
1.556397000000004, 0.984058
1.5578330000000022, 0.98497
1.559821999999997, 0.985882
1.5623019999999883, 0.986794
1.5654600000000016, 0.987706
1.5708060000000046, 0.988618
1.5756880000000137, 0.98953
1.584984999999989, 0.990442
1.5873379999999884, 0.991354
1.5874760000000094, 0.993178
1.587495000000004, 0.99409
1.5875560000000064, 0.995002
1.5875949999999932, 0.995914
1.6159700000000043, 0.996826
1.6389589999999998, 0.997738
1.6915249999999986, 0.99865
1.706087999999994, 0.999562
