phase	t	slot	bpsUp	cpu	diskGB	confirmed	submitted	blockdelay	partition	blocks	mp_bp1	mp_bp2	mp_bp3	mp_relay11	mp_relay12	mp_relay13	mp_relay21	mp_relay22	mp_relay23	mp_relay31	mp_relay32	mp_relay33	in_bp1	in_bp2	in_bp3	in_relay11	in_relay12	in_relay13	in_relay21	in_relay22	in_relay23	in_relay31	in_relay32	in_relay33
1	0	37	3	2	118	0	279.8263267441861	0.06663502283333333	0.0000385895	2	-	-	-	18619	-	-	-	-	-	-	-	-	-	-	-	-	-	-	-	-	-	-	-	-
1	10	57	3	7	118	0	336.14230769230767	0.0663804115	0.000039719666666666665	3	706	622	716	22049	715	644	586	714	556	526	526	536	-	-	-	-	-	-	-	-	-	-	-	-
1	20	74	3	8	124	6.49968813559322	356.8474576271186	0.179083366	0.00008852400000000001	4	2674	2628	2730	24607	2630	2644	2628	2744	2607	2560	2565	2568	32.70886666666667	31.518518518518523	32.592600000000004	0	31.92544814814815	31.66666666666667	31.70370370370371	33.250844444444446	31.70370370370371	31.777777777777782	31.68518518518519	31.66666666666667
1	30	74	3	8	126	6.512220689655172	302.79661016949154	0.179083366	0.00008852400000000001	4	4977	5304	5026	24762	4552	5212	5292	5180	5286	5226	5233	5230	58.33512631578947	58.704240000000006	60.36978333333334	0	55.89314210526316	56.352540000000005	59.478106666666655	61.21923684210527	60.31307999999999	60.242583333333336	60.10956333333334	59.805839999999996
1	40	74	3	7	126	6.455172413793103	235.79310344827587	0.179083366	0.00008852400000000001	4	7411	7496	7458	24762	6777	7400	7730	7616	7728	7644	7460	7668	114	116.89655172413794	114.56222222222225	0	102.89655172413794	114.86206896551724	117.3103448275862	117.41379310344827	118.92234666666667	118.58258888888888	115.26552666666667	118.30532000000001
1	50	74	3	8	126	6.422671186440678	167.9814459770115	0.179083366	0.00008852400000000001	4	10076	10104	10128	24762	9073	10082	10160	10298	10166	10080	9220	10102	141.26521666666665	144.25482333333332	141.66825365853657	0	128.98783333333333	142.87439666666666	146.49756	144.73146750000004	147.41819166666667	146.92020666666667	139.3939233333333	146.80208333333334
1	60	114	3	11	126	46.539347457627116	103.04053247126438	0.30248641091666667	0.010439171799999999	5	9980	10042	9844	22375	8971	9990	10056	10182	10034	9994	8946	10018	197.78090800000004	201.60721600000005	199.716	0	180.680152	199.95636266666668	203.8891946666667	202.17725000000002	205.0008	201.99400000000003	185.8311066666667	204.431436
1	70	120	3	8	126	53.05728813559322	104.0677966101695	0.21164067841666667	0.008801062	6	11948	12013	12024	25767	10813	11854	12030	12137	12008	12212	10741	11984	224	226.35593220338984	225.08474576271186	0	206.59322033898306	223.66101694915255	227.4237288135593	227.1864406779661	229.12489655172416	227.35593220338984	205.74576271186442	228.90740804597704
1	80	130	3	8	126	53.59322033898305	77.71186440677965	0.22186828216666665	0.007639253285714285	7	13924	13953	13975	26175	12126	13806	13978	13942	13940	13914	12295	13906	251.79661016949152	253.54237288135593	252.15254237288136	0	221.83050847457628	250.57627118644066	258.7586206896552	251.72881355932202	255.53017241379314	255.11111494252873	227.8543379310345	255.23530344827586
1	91	130	3	7	126	53.59322033898305	77.75395833333334	0.22186828216666665	0.007639253285714285	7	16364	16389	16399	26175	13906	16198	16420	15764	16376	16350	14375	16342	226.32203389830508	225.27118644067795	225.8749629310345	0	198	224.5084745762712	227.37457241379312	220.864406779661	226.2524948275862	226.43171379310348	194.716324137931	226.54628735632184
1	101	130	3	7	126	53.59322033898305	77.71186440677965	0.22186828216666665	0.007639253285714285	7	18808	18823	18831	26175	15741	18638	18854	17533	19062	19036	16233	19028	226.4406779661017	229.1206896551724	226.05084745762713	0	190.3728813559322	223.83050847457628	227.0445	206.61016949152543	225.8554022988506	255.25423728813558	210.89830508474577	254.91525423728814
1	111	166	3	43	126	264.0677966101695	89.76271186440678	0.4169850353333333	0.03806378233333333	8	8644	8715	8709	14392	4957	8439	8730	7210	8698	8682	5547	8646	253.52542372881356	226.1678172413793	253.64406779661016	0	202.8135593220339	224.8793103448276	224.92427126436777	226.03389830508473	223.6046120689655	224.39456436781606	188.3456356321839	223.93173448275863
1	121	176	3	51	125	230	144.91525423728814	0.2880251375833333	0.0343063784	9	10640	10702	10657	18124	6784	10407	10859	9122	10888	10872	7626	10808	223.76271186440678	224.46305948275864	223	0	177.28813559322035	220.94045201149424	222.61016949152543	193.6949152542373	222.135593220339	223.4237288135593	187.33898305084745	222.20338983050848
1	131	184	3	15	125	243.0169491525424	141.11864406779662	1.1067760789166667	0.09653343638461538	13	12290	12339	11541	20708	7611	11996	12330	9876	12394	11762	8698	11951	255.41379310344828	250.94147241379312	254.1551724137931	0	205.1206896551724	248.52052586206898	249.1612948275862	223.55172413793102	249.84920919540227	249.26784655172412	216.47655948275863	249.27017959770114
1	141	184	3	9	125	240.58620689655172	200.08474576271186	1.1067760789166667	0.09653343638461538	13	13948	14225	13975	24270	10041	13635	14098	12206	14246	14182	9815	14193	222.61344827586203	220.84745762711864	224.3448275862069	0	186.43489396551723	215.52542372881356	220.3050847457627	192.63492672413796	222.03389830508473	221.5593220338983	183.77966101694915	221.64406779661016
1	151	184	3	8	125	236.50847457627117	273.0344827586207	1.1067760789166667	0.09653343638461538	13	16630	16661	16655	28301	12393	16065	16500	14884	16684	16618	11748	16629	249.864406779661	249.89830508474577	249.5593220338983	0	214.98305084745763	242.59322033898306	246.88135593220338	222.6271186440678	250.98305084745763	254.6206896551724	201.38983050847457	250.66101694915255
1	161	184	3	7	125	237.48665459770115	335.82818994252875	1.1067760789166667	0.09653343638461538	13	18824	19097	18847	31929	14099	18149	18938	17324	19122	19056	13552	19065	221.72749655172413	220.98305084745763	221.67067126436783	0	200.96013563218395	208.45762711864407	217.9322033898305	213.45762711864407	221.864406779661	222.8752948275862	179	225.39655172413794
1	171	184	3	8	125	19.52542372881356	310.40677966101697	1.1067760789166667	0.09653343638461538	13	21506	21535	21523	31929	15838	19558	21368	19731	21562	21492	15772	21499	251.72881355932202	251.6271186440678	251.1864406779661	0	219.03389830508473	222.64406779661016	248.64406779661016	246.0677966101695	227.75862068965517	224.2229068965517	181.3965356321839	225.20225000000002
1	181	229	3	9	125	202.5173793103448	278.55464367816086	0.5998997163333333	0.10622615821428572	14	12367	12596	12344	22874	6784	10453	12437	10782	12621	12561	6649	12572	223.39030689655172	222.57627118644066	222.72324827586206	0	190.0677966101695	191.4915254237288	224.17241379310346	218.5593220338983	224.97280459770116	224.16995172413795	178.22777931034483	225.1828405172414
1	192	241	3	8	125	424.6949152542373	282.6949152542373	0.7626232211666667	0.1364700073125	16	11990	12003	11904	23490	5745	9770	11800	10181	11990	11952	5873	11973	226.4406779661017	225.89830508474577	225.9322033898305	0	192.0677966101695	195.28813559322035	225.42394482758618	223.74576271186442	227.43761494252874	226.83380689655175	180.93503448275862	227.4590459770115
1	202	241	3	8	125	424.6949152542373	282.271186440678	0.7626232211666667	0.1364700073125	16	14420	14437	14341	27884	7556	12019	14480	11791	14662	14618	8449	14633	252.40677966101694	226.89655172413794	250.40677966101694	0	202.83050847457628	219.4406779661017	222.84745762711864	241.20338983050848	251.35593220338984	251.4915254237288	211.84745762711864	251.96610169491527
1	212	241	3	9	125	424.6949152542373	282.03389830508473	0.7626232211666667	0.1364700073125	16	16850	16877	16773	31505	9619	14433	16542	13884	16858	16808	10451	16825	223.45762711864407	224.4270827586207	221.32203389830508	0	174.135593220339	191.83050847457628	221.9140045977011	207.10169491525423	222.63659195402298	222.4474816091954	195.4740275862069	222.9643885057471
1	222	241	3	8	125	424.6949152542373	260.3728813559322	0.7626232211666667	0.1364700073125	16	19290	19315	19207	33399	11536	16705	19084	15645	19540	19488	13091	19374	252.5084745762712	253.28541379310346	250.3050847457627	0	195.79661016949152	227.75862068965517	247.4915254237288	219.98305084745763	251.52542372881356	251.6949152542373	236.135593220339	249.61016949152543
1	232	241	3	7	125	424.6949152542373	260.3728813559322	0.7626232211666667	0.1364700073125	16	21732	21751	21643	33399	13494	18858	21276	17739	21736	21680	14939	21562	223.52542372881356	223.62177988505746	221.38983050847457	0	184.5593220338983	210.55545747126436	218.3017775862069	192.91379310344828	221.9688275862069	221.71130057471262	210.33702586206897	220.01348362068964
1	242	296	3	50	125	239.44827586206895	214.3728813559322	0.6072600556666666	0.14484515223529412	17	24104	24099	23973	33399	15153	20681	23786	19603	24266	24218	17031	24084	259.2413793103448	254.56410977011492	257.3103448275862	0	205.79310344827587	234.18971379310344	249.1864406779661	210.62836781609195	253.83050847457628	253.9322033898305	232.77966101694915	251.88135593220338
1	252	305	3	11	125	237.38983050847457	205.1206896551724	0.42935249425	0.13683570322222222	18	15183	15185	15092	25241	6258	11130	14689	10714	15155	15029	7914	14985	228.71186440677965	228.84745762711864	227.76271186440678	0	183.28813559322035	199.66101694915255	223.59322033898306	184	228.33898305084745	227.72881355932202	209.76271186440678	225.5084745762712
1	262	305	3	8	125	238.47227356321838	202.93611724137932	0.42935249425	0.13683570322222222	18	17377	17128	17284	29251	8216	12904	17113	12772	17591	17459	10118	17371	226.37135057471266	223.2186054597701	226.11047586206897	0	188.35525172413793	196.52346465517243	220.27118644067795	188.5831028735632	225.22033898305085	227.75862068965517	211.13793103448276	222.5593220338983
1	272	305	3	9	125	237.38983050847457	202.36607931034484	0.42935249425	0.13683570322222222	18	20059	19591	19966	33263	10746	14436	19556	15376	20027	19895	12449	19803	225.59322033898306	217.10169491525423	225.28813559322035	0	190.25423728813558	177.52542372881356	250.91525423728814	199.76271186440678	229.10344827586206	225.15465057471266	208.0150922413793	226.86206896551724
1	282	305	3	7	125	237.38983050847457	193.61016949152543	0.42935249425	0.13683570322222222	18	22495	21988	22392	33532	12702	16483	21808	17754	22461	22569	14239	22235	225.4915254237288	216.864406779661	225.22033898305085	0	194.0677966101695	169.52542372881356	226	207.89830508474577	226.51128620689653	223.79661016949152	204.04626206896552	225.2038551724138
1	292	346	3	11	125	472.76271186440675	214.46097126436783	0.363619235	0.13867164280000002	20	10730	10246	10641	21056	844	4493	10079	5806	10652	10546	1901	10472	251.6271186440678	242.38983050847457	251.25423728813558	0	214.3728813559322	192.33898305084745	249.7206793103448	231.40677966101694	251.83384080459768	250.06220344827585	211.83251954022987	251.16600000000005
2	303	346	3	10	125	241.88135593220338	285.6101694915254	0.363619235	0.13867164280000002	20	13166	12636	13105	25055	3284	6913	12453	8174	13090	13296	3957	12902	220.57627118644066	215.8448275862069	220.8135593220339	0	201.5593220338983	173.10169491525423	218.48833275862071	212.4915254237288	220.73333333333335	219.35593220338984	190.2888798850575	220.145416091954
2	313	346	3	11	125	235.3728813559322	338.9929427966102	0.363619235	0.13867164280000002	20	15580	16238	15660	31106	5718	9345	19383	10494	17407	17272	5552	17218	251.9322033898305	255.9322033898305	254.96610169491527	24.055283333333332	233.72881355932202	212.89830508474577	248.32203389830508	241.61016949152543	275.8813559322034	275.4406779661017	200.84745762711864	275.50847457627117
2	323	376	3	18	125	416.3559322033898	361.28449417372883	1.0415580915833333	0.16868081022727274	22	7058	8026	7135	33662	272	857	24374	1847	20646	20407	96	20359	226.0677966101695	244.44082413793103	229.76271186440678	40.731465517241375	211.76271186440678	201.17241379310346	222.6384775862069	215.8135593220339	268.2442097701149	268.1354	177.63221896551724	268.4871402298851
2	333	376	3	12	125	416.3559322033898	422.00239651238587	1.0415580915833333	0.16868081022727274	22	10047	11089	9677	27562	3022	4052	20489	5805	14254	13988	3002	13972	259.40677966101697	249.28828505747128	254.84745762711864	45.287068965517236	244.22033898305085	206.16033103448277	245.67796610169492	271.3965517241379	326.91525423728814	325.49152542372883	205.5593220338983	325.9491525423729
2	343	395	3	12	124	531.4745762711865	544.3630037193973	0.5049777195833333	0.1670953482173913	23	6938	7500	5236	26480	1192	1607	19540	3326	11160	10850	799	10873	242.25423728813558	264.50847457627117	231.3103448275862	81.90137711864408	237.71186440677965	249.76271186440678	219.6271186440678	258.4406779661017	315.864406779661	314.2542372881356	198.54237288135593	314.9491525423729
2	353	395	3	12	124	296.10169491525426	644.0180271426855	0.5049777195833333	0.1670953482173913	23	9352	10531	8009	31967	5092	6447	25864	7977	15087	14767	4659	14803	272.20338983050846	272.5593220338983	258.0508474576271	99.71574152542374	303.93220338983053	278.79661016949154	219.52542372881356	339.8305084745763	333.50847457627117	331.45762711864404	218.05084745762713	332.10169491525426
2	363	413	3	14	124	490.9747844827586	664.6222103448276	0.6485458624166667	0.17189797320833333	24	8843	9034	5507	30634	4019	5838	26961	7305	14344	14003	3493	14072	245.3707114942529	280.79661016949154	228.87334971264372	124.69586779661019	292.4659841954023	351.8474576271186	247.22033898305085	326.864406779661	395.6271186440678	364.63793103448273	264.05172413793105	394.6271186440678
2	373	413	3	12	124	488.76271186440675	644.5669752873564	0.6485458624166667	0.17189797320833333	24	12706	12281	8888	33465	8421	10676	33305	12145	18501	18199	7471	18232	255.40677966101694	287.1186440677966	232.20338983050848	129.35593220338984	312.4237288135593	351.9491525423729	218.3728813559322	357.23728813559325	373.41379310344826	366.9317011494253	292.4931149425288	372.5
2	383	413	3	10	124	307.77966101694915	568.3220338983051	0.6485458624166667	0.17189797320833333	24	16221	15389	11990	33465	12376	14820	33803	16142	22493	22590	11222	22619	311.2542372881356	323.7118644067797	275.8135593220339	112.67796610169492	377.9830508474576	428.96610169491527	218.27586206896552	434.2881355932203	417.06408620689655	412.40677966101697	350.52542372881356	413.7118644067797
2	393	413	3	9	124	307.77966101694915	435.6095264367816	0.6485458624166667	0.17189797320833333	24	19506	18458	14893	33465	15771	18804	33803	20134	26354	26131	14030	26166	289.864406779661	292.76271186440675	258.45762711864404	89.64406779661017	363.2881355932203	409.6101694915254	163.36050172413792	402.93220338983053	376.2972235632184	375.40958879310347	332.39898275862066	376.9807399425287
2	404	458	3	46	124	373.1694915254238	355.93220338983053	0.39660835650000004	0.16700368065384616	26	15028	13633	9667	27947	10862	14992	28236	16253	21945	21935	10849	21742	322.728813559322	329.13793103448273	292.64406779661016	84.86206896551724	394.35593220338984	453.22033898305085	146.62483620689653	446.22033898305085	370.00427586206894	405.52542372881356	366.77300258620687	371.8771396551725
2	414	458	3	11	124	373.1694915254238	328.4716143678161	0.39660835650000004	0.16700368065384616	26	17247	16811	13144	33114	14295	19133	33003	20461	25387	25191	14935	25202	295.77966101694915	294.48452988505744	277.67477586206894	73.25644137931035	345.1694915254237	394.9491525423729	116.39380344827586	391.2881355932203	359.965591954023	361.40986206896554	331.52505	362.5168206896551
2	424	458	3	10	124	180.50847457627117	234.6949152542373	0.39660835650000004	0.16700368065384616	26	20134	20787	15926	33114	17869	23989	33003	25048	29532	29344	19803	29359	302.6271186440678	308.5266321839081	319.3898305084746	77.44675287356321	341.22033898305085	416.8965517241379	99.43786666666668	407.20338983050846	366.6751005747127	368.15271666666666	350.91508965517244	368.7962051724138
2	434	482	3	14	124	338.8474576271187	206.5593220338983	0.6178950545833333	0.16931957703703707	27	14175	14981	9134	26134	12598	18639	26467	19747	24656	24394	15257	24426	286.2881355932203	315.2406408045977	277.64406779661016	55.893152586206895	333.91525423728814	398.97767241379313	51.86440677966102	398.0689655172414	360.20338983050846	408.50847457627117	364.22033898305085	361.76271186440675
2	444	482	3	12	124	338.8474576271187	337.4237288135593	0.6178950545833333	0.16931957703703707	27	18287	19041	11893	33053	17916	23957	32765	25057	29188	28989	20093	28994	290.4406779661017	324	278	84.59322033898304	344.4406779661017	405.9830508474576	80.7457627118644	401.3050847457627	370.08474576271186	371.23728813559325	381.2881355932203	371.89830508474574
2	454	507	3	50	124	574.2372881355932	345.23728813559325	0.7124518289166666	0.17498800017857144	28	21512	21653	9944	33053	22122	27638	32765	28639	32698	32460	23920	32469	301.271186440678	364.3220338983051	268.4406779661017	108.69491525423729	378.20338983050846	465.9830508474576	104.77966101694915	459.79661016949154	420.0169491525424	419.96610169491527	453.5762711864407	420.4406779661017
2	464	507	3	11	124	395.42399712643686	376.7641939655172	0.7124518289166666	0.17498800017857144	28	20418	20212	11995	32909	22396	27768	32578	28711	32344	32229	23960	32243	301.1797413793103	329.1186440677966	261.1888166666667	110.79661016949153	389.9314379310345	417.9491525423729	107.86440677966101	412.7118644067797	384.9491525423729	395.1551724137931	432.01724137931035	394.2586206896552
2	474	507	3	7	124	393.728813559322	286.19761350574714	0.7124518289166666	0.17498800017857144	28	24448	22865	14531	32909	27271	31794	32578	32714	34017	33250	28113	33808	359.6101694915254	355.864406779661	271.5762711864407	98.79661016949153	465.4406779661017	471.5593220338983	95.62711864406779	464.864406779661	409.32758620689657	393.1711379310344	482.3796270114942	403.62982758620683
2	484	507	3	6	124	393.728813559322	284.93220338983053	0.7124518289166666	0.17498800017857144	28	28078	25480	16803	32909	30866	34327	32578	34132	34017	33250	32477	33808	334.0169491525424	292.79661016949154	231.84745762711864	87.83050847457628	429.93220338983053	403.45762711864404	88.89655172413794	387.8305084745763	304.9866206896552	291.728813559322	410.8813559322034	301.66101694915255
2	495	545	3	42	123	470.77966101694915	213.87110431034483	0.6691089440833333	0.17973613306896552	29	21874	18637	9561	25549	24505	25674	23962	25555	25163	24329	25134	24911	380.3728813559322	312.91525423728814	253.57627118644066	82.22413793103448	456.3898305084746	373.6949152542373	81.57241896551724	353.8135593220339	259.59272988505745	248.45481206896554	409.9718077586207	258.59962873563217
2	505	553	3	14	123	483.79661016949154	210.5762711864407	0.5299621985833333	0.16821552148387098	31	23893	20840	10775	29457	27488	28563	27892	28366	28148	27762	28619	27764	320.4237288135593	257.9136307471265	209.54237288135593	53.91664310344827	380.3728813559322	297.1186440677966	54.6196908045977	276.0508474576271	203.26066666666668	192.6949152542373	354.9991896551724	199.50791637931033
2	515	553	3	7	123	248.40677966101694	268.6271186440678	0.5299621985833333	0.16821552148387098	31	27482	24573	13031	32241	32299	33393	31323	32941	32956	32571	33437	32207	318.7457627118644	302.9491525423729	206.23728813559322	82.20338983050847	379.6949152542373	309.4655172413793	83.05084745762711	281.864406779661	213.71186440677965	205.22033898305085	360.35593220338984	211.4406779661017
2	525	553	3	5	123	248.40677966101694	176.40677966101697	0.5299621985833333	0.16821552148387098	31	30692	27277	15511	32241	33241	33620	31323	33589	32956	32571	33485	32207	364.91525423728814	274.14506666666665	210.91525423728814	68.31920689655173	402.54237288135596	259.76457931034486	71.55562068965519	248.05172413793102	214.36879856321843	206.93608448275862	372.3324137931035	202.17211494252874
2	535	553	3	4	123	252.68965517241378	176.40677966101697	0.5299621985833333	0.16821552148387098	31	31999	30359	18262	32241	33241	33620	31323	33589	32956	32571	33485	32207	314.1896551724138	277.89218793103447	219.1206896551724	54.66101694915254	291.6034482758621	211.52788218390802	58.91525423728814	197.23282471264366	153.3728813559322	159.83050847457628	268.47457627118644	144.22033898305085
2	545	553	3	3	123	248.40677966101694	179.44827586206895	0.5299621985833333	0.16821552148387098	31	31999	31627	20833	32241	33241	33620	31323	33589	32956	32571	33485	32207	266.47457627118644	294.79661016949154	252.42525000000003	54.66101694915254	236.8135593220339	163.45762711864407	58.91525423728814	162.16949152542372	153.3728813559322	159.83050847457628	220.96610169491527	144.22033898305085
2	555	553	3	3	123	6.508474576271186	143.79661016949152	0.5299621985833333	0.16821552148387098	31	31999	31627	23319	32241	33241	33620	31323	33589	32956	32571	33485	32207	188.40677966101694	234.57627118644066	227.52542372881356	48.813559322033896	165.5593220338983	148.8135593220339	52.74576271186441	151.45762711864407	141	148.6206896551724	155.4655172413793	134.1206896551724
2	565	553	3	2	123	0	32.2926091954023	0.5299621985833333	0.16821552148387098	31	31999	31627	25633	32241	33241	33620	31323	33589	32956	32571	33485	32207	159.41824856321838	202.89830508474577	264.71397356321836	28.949152542372882	126.35593220338983	110.15254237288136	32.67796610169491	114.05084745762711	102.5	106.82700258620692	113.3943818965517	94.70452787356322
2	575	627	3	14	123	228.864406779661	13.186440677966102	0.7096006924166667	0.1725758464375	32	25125	18586	14750	27610	20398	20543	18295	20583	19713	19245	20153	18876	73.49152542372882	120.76271186440678	238.57627118644066	0	11.728813559322035	0	0	5.0508474576271185	0	0	0	0
2	586	627	3	12	123	228.864406779661	125.50847457627118	0.7096006924166667	0.1725758464375	32	27549	22499	17259	32190	25235	25395	24626	25162	25040	24572	25448	24200	77.01694915254237	157.71186440677965	267.6949152542373	15.59322033898305	90.62711864406779	33.559322033898304	17.97433448275862	85.77966101694915	36.17437873563218	37.559322033898304	88.89830508474576	35.59322033898305
2	596	627	3	12	123	228.864406779661	185.18293333333335	0.7096006924166667	0.1725758464375	32	29987	26459	19684	32190	29989	30235	30943	29727	29400	28933	29407	28568	72.23728813559322	134.82758620689654	232.71186440677965	31.337037931034484	148.4406779661017	148.94915254237287	75.71186206896553	140.3050847457627	151.94988333333333	153.10018620689652	143.78534913793106	151.4714603448276
3	606	653	3	9	123	464.2542372881356	208.135593220339	0.83331233	0.17682049915151515	33	31522	28575	21232	32417	32653	32991	31837	32872	32926	32949	32581	32019	98.8135593220339	158.17437614942529	229	31.27689310344828	193.20338983050848	196.6551724137931	90.65220000000001	185.33898305084745	198.44037816091952	198.76271186440678	184.25423728813558	198.1833425287356
3	616	653	3	3	123	464.2542372881356	208.135593220339	0.83331233	0.17682049915151515	33	32654	31359	23687	32417	33354	33750	31837	33531	33198	32949	33311	33466	135.64406779661016	221.25423728813558	252.89830508474577	35.11864406779661	237.3050847457627	239.13082557471265	93.1864406779661	234.40677966101694	239.47457627118644	239.57627118644066	232.4406779661017	256.728813559322
3	626	674	3	15	122	699.6440677966102	285.6224678412132	0.7383786548333333	0.18094478111764706	34	25896	19608	13438	27070	21743	22067	20560	21860	21205	22072	21299	21351	140.4310344827586	231.32082758620686	225.08620689655172	35.175177011494256	241.39655172413794	238.70789885057474	93.08050804597703	238.44827586206895	238.66235833333337	238.30472701149426	231.46709885057473	255.76667068965517
3	636	674	3	14	122	478.8965517241379	446.74003787258914	0.7383786548333333	0.18094478111764706	34	28322	24123	16864	32536	26625	26915	26888	26800	27709	31622	26617	27403	189.03389830508473	330.5762711864407	261.2881355932203	83.66101694915254	342.79661016949154	346.1694915254237	147.9322033898305	341.4237288135593	366.79661016949154	351.03389830508473	338.03389830508473	376.47457627118644
3	646	674	3	9	122	473.33337011494245	413.18370097259066	0.7383786548333333	0.18094478111764706	34	30758	28486	19222	32536	32581	33435	32759	33374	33341	33553	32529	33110	175.6514405172414	304.22033898305085	234.3841344827586	52.54237288135593	323.1271034482759	325.271186440678	130	326.7118644067797	344.0508474576271	281.58620689655174	316.8813559322034	351.1694915254237
3	656	710	3	49	122	706.1694915254237	348.8645641039175	0.7357747729166667	0.18533480382857143	35	32536	31089	13977	32536	34048	34330	32759	34132	33341	33553	34116	33350	193.23728813559322	333.3220338983051	268.4406779661017	52.54237288135593	329.49152542372883	327.3220338983051	111.22033898305085	333.1525423728813	324.6206896551724	220.36094540229885	337.05172413793105	338.1206896551724
3	666	710	3	16	122	470.77966101694915	503.1186440677966	0.7357747729166667	0.18533480382857143	35	26237	26211	17336	30157	30732	30680	29405	30456	29496	32914	30991	29237	161.10169491525423	301.10169491525426	255.61016949152543	77.42372881355932	292.7457627118644	290.864406779661	114.86206896551724	289.96610169491527	283.4835729885057	178.4406779661017	297.49152542372883	286.9978129310345
3	676	726	3	19	121	706.1694915254237	576.4204712643677	0.8589590887499999	0.18926533866666664	36	22725	23984	14676	28438	29333	29206	29820	28960	28269	29070	29082	27091	198.5593220338983	311.8305084745763	266.475475	118.94915254237289	352.3728813559322	349.8813559322034	142.63359310344828	347.1186440677966	346.64174999999994	214.0328586206897	360.50526206896546	336.8848643678161
3	687	736	3	14	121	477.2881355932203	571	0.5178886783333333	0.1841658555135135	37	24821	26997	17191	32513	33182	33031	32085	32852	32106	33352	32848	30649	201.57627118644066	337.44827586206895	278.7457627118644	139.8448275862069	397.4406779661017	440.3220338983051	138.62060689655172	438.45762711864404	440.785549137931	264.8586379310345	400.02517241379314	413.8640379310344
3	697	745	3	5	121	483.79661016949154	408.6440677966102	0.4282017221666667	0.17937011389473684	38	27133	30380	19977	32533	33376	33169	32046	33068	32931	33346	33497	31186	204.88135593220338	326.1145655172414	273.9491525423729	116.29667816091954	366.20338983050846	352.9491525423729	111.76177011494251	355.8474576271186	339.1694915254237	153.11864406779662	364.52542372881356	313.77966101694915
3	707	745	3	5	121	483.79661016949154	359.56705775862076	0.4282017221666667	0.17937011389473684	38	29880	31937	23225	32533	33376	33169	32046	33068	32931	33346	33497	31186	241.57627118644066	341.75050402298854	320.50847457627117	119.37124022988505	302.8135593220339	293.55172413793105	85.12417643678161	291.3220338983051	274.1590172413793	134.98236781609197	306.6744882183908	250.5921474137931
3	717	763	3	15	121	477.271186440678	461.5932203389831	0.6815292508333334	0.18284644366666664	39	19292	25708	15825	23602	23357	22998	32013	22951	22420	26280	22937	20576	224.91525423728814	269.9990022988506	288.864406779661	131.62574712643678	254.05084745762713	249.87617241379306	77.98959425287356	248.135593220339	260.7377974137931	149.91525423728814	252.58711954022985	232.96911494252873
3	727	763	3	13	121	485.5	401.9491525423729	0.6815292508333334	0.18284644366666664	39	22683	28983	19040	32223	28768	28326	32013	28278	28335	33477	28962	26169	292.32758620689657	311.8647	334.48275862068965	196.47457627118644	344.0344827586207	266.12297557471265	65.2542372881356	334.91379310344826	339.6271186440678	150.91525423728814	337.10169491525426	304.2881355932203
3	737	786	3	10	120	477.271186440678	318.01724137931035	0.8019398379166667	0.186585391575	40	25524	31836	21684	33245	32735	32833	31947	32736	32254	33468	32689	29870	269.8474576271186	263.66101694915255	294.23146551724136	156.22033898305085	276.8135593220339	272.23728813559325	25.322033898305083	274.4406779661017	277.271186440678	134.59322033898306	275.08474576271186	259.06779661016947
3	747	794	3	5	120	477.271186440678	269.728813559322	0.5108660420000001	0.18205187131707318	41	28172	32484	25302	33221	32709	32883	31979	33164	32567	33468	32668	30458	314.96610169491527	264.0169491525424	341.91525423728814	130.57627118644066	263.0169491525424	257.3050847457627	16.627118644067796	274.49152542372883	262.8305084745763	111.06896551724138	255.05084745762713	248.864406779661
3	757	794	3	3	120	472.24683189655167	260.7501025862069	0.5108660420000001	0.18205187131707318	41	30587	32484	28883	33221	32709	32883	31979	33164	32567	33468	32668	30458	293.58850689655173	172.84745762711864	314.118583045977	127.76271186440678	231.20154367816096	237.05084745762713	17.694915254237287	243.54237288135593	239.8103448275862	109.81905000000002	229.4410344827586	233.51724137931035
3	767	794	3	2	120	470.76271186440675	260.2793948275862	0.5108660420000001	0.18205187131707318	41	30587	32484	30085	33221	32709	32883	31979	33164	32567	33468	32668	30458	263.1864406779661	154.96610169491527	315.7457627118644	127.76271186440678	230.57627118644066	237.05084745762713	15.724137931034482	243.54237288135593	237.17243103448277	109.62100775862068	229.0277316091954	230.86682068965516
3	777	794	3	1	120	241.89830508474577	132.38983050847457	0.5108660420000001	0.18205187131707318	41	30587	32484	30085	33221	32709	32883	31979	33164	32567	33468	32668	30458	232.35593220338984	149.89830508474577	244.864406779661	115.35593220338983	213.54237288135593	217.38983050847457	12.504390229885058	225.76271186440678	216.8132051724138	94.57627118644068	213.15463735632184	208.55215057471267
3	788	794	3	1	120	241.89830508474577	19.64406779661017	0.5108660420000001	0.18205187131707318	41	30587	32484	30085	33221	32709	32883	31979	33164	32567	33468	32668	30458	152.40677966101694	73.44827586206897	206.66101694915255	21.25423728813559	83.86440677966101	89.30508474576271	5.661016949152542	97.42372881355932	87.15254237288136	6.491525423728813	81.61016949152543	85.88135593220339
3	798	794	3	1	120	6.508474576271186	10.254237288135593	0.5108660420000001	0.18205187131707318	41	30587	32484	30085	33221	32709	32883	31979	33164	32567	33468	32668	30458	118.69491525423729	38.22932126436781	171.03389830508473	6.272179310344828	33.3728813559322	39.01724137931034	5.677136206896551	47.57627118644068	38.429536781609194	6.482935344827586	31.53592844827586	39.75516235632184
3	808	862	3	54	120	0	0	0.7286106111666667	0.18475862697619047	42	30587	32484	30085	33221	32709	32883	31979	33164	32567	33468	32668	30458	45.983050847457626	0	88.8135593220339	0	0	0	0	0	0	0	0	0
3	818	862	3	19	120	232.8103448275862	154.9830508474576	0.7286106111666667	0.18475862697619047	42	20218	23608	19946	29947	24523	25296	25723	25548	24563	28182	24688	22421	44.275862068965516	68.11864406779661	93.86206896551724	63.05084745762712	91.43103448275862	93.71186440677965	63.152542372881356	89.88135593220339	14.542372881355933	11.05084745762712	89.98305084745763	20
3	828	862	3	12	120	230.47836120689658	281.3898305084746	0.7286106111666667	0.18475862697619047	42	24083	26640	23860	32749	31900	31962	32980	32266	31197	33088	31387	28842	82.13559322033899	109.05084745762711	93.1864406779661	94.77966101694915	169.6949152542373	173.05084745762713	114.9322033898305	169.64406779661016	173.3050847457627	103.15254237288136	169.57627118644066	171.74576271186442
3	838	886	3	20	119	466.72532385057474	283.60086206896545	2.7578112965833337	0.19371143802272728	44	20219	21483	19147	26664	26698	26901	28544	33163	26439	26575	26375	24659	123.07040804597703	140.13926781609197	136.29383505747126	94.77966101694915	238.9754436781609	237.66733103448274	133.27118644067798	229.75365545977007	235.91525423728814	104.93103448275862	231.10169491525423	234.54237288135593
3	848	901	3	49	118	477.271186440678	399.2950114942529	0.5623837278333333	0.18536036473913042	46	22344	23676	21664	31906	31724	31829	32080	31389	30678	32122	30881	28816	168.3792275862069	184.88135593220338	195.0925100574713	150.88135593220338	315.8135593220339	317.8305084745763	171.59322033898306	303.79661016949154	312.98275862068965	158.93912068965517	312.8620689655172	317
3	858	912	3	45	118	706.1355932203389	405.54237288135596	0.7108998854166667	0.18780339412765956	47	25236	26195	24673	31890	32499	31794	32071	32733	32529	32103	32369	31025	195.96610169491527	214.10169491525423	228.52542372881356	158.10169491525423	349.49152542372883	334.5762711864407	178.17241379310346	345.728813559322	354.33806896551727	164.65147155172411	349.6464698275862	364.537424137931
3	869	922	3	61	118	490.2881355932203	514.5084745762712	0.485244795	0.1801866377755102	49	22159	21774	13583	28787	23594	22850	31190	23548	22945	23521	23450	21693	265.23728813559325	275.8620689655172	300.77966101694915	205.27586206896552	421.20338983050846	406.23728813559325	221.28392413793102	417.49152542372883	424.5367862068966	210.66101694915255	416.96610169491527	432.9874022988506
3	879	922	3	13	117	490.2881355932203	405.6038896551724	0.485244795	0.1801866377755102	49	24933	24142	17774	31233	30274	29336	31301	30145	28981	30767	29481	27468	254.864406779661	230.75840000000002	294.728813559322	175.0955816091954	403.89830508474574	386.79661016949154	170.00734827586209	398.6101694915254	401.6318767241379	200.389432183908	400.41338850574715	412.5864224137931
3	889	940	3	19	117	710.6949152542373	341.8813559322034	0.6735635553333333	0.18292678416000002	50	20501	19433	8496	22810	21588	21154	23029	21710	20153	18367	20844	18650	277.2542372881356	248.9794853448276	342.93220338983053	146.66879425287354	420.3220338983051	400.0344827586207	117.8363477011494	420.9491525423729	404.4835252873564	186.26843879310343	406.88728448275856	418.8908988505748
3	899	947	3	20	117	481.8135593220339	469.3728813559322	0.49753751975000005	0.1793532897843137	51	23536	21925	12654	29906	27502	27050	29955	27629	26596	26300	27531	25057	259.6101694915254	237.28920862068964	332.3898305084746	185.15148045977008	409.2881355932203	404.42937183908043	143.87416034482757	420.89830508474574	420.76271186440675	232.59322033898306	416.54237288135596	435.76271186440675
3	909	947	3	5	117	476.87931034482756	431.4237288135593	0.49753751975000005	0.1793532897843137	51	27073	24915	16814	31072	32591	32280	31130	32563	32684	31135	32822	31156	320.8448275862069	271.0169491525424	405.7241379310345	173.52542372881356	438.2758620689655	425.864406779661	145.6949152542373	480.47457627118644	446.64406779661016	248.3050847457627	438.89830508474574	465.0169491525424
3	919	947	3	5	117	239.9322033898305	421.6034482758621	0.49753751975000005	0.1793532897843137	51	30395	27943	21207	31072	32591	32280	31130	32563	32684	31135	32822	31156	290.4237288135593	244.3728813559322	378.6271186440678	165.45762711864407	433.2881355932203	437.3220338983051	140.94915254237287	431.9491525423729	460.271186440678	255.1864406779661	445.45762711864404	469.03389830508473
3	929	947	3	3	117	227.97301839080464	299.16401034482755	0.49753751975000005	0.1793532897843137	51	30588	30457	24669	31072	32591	32280	31130	32563	32684	31135	32822	31156	281.00405344827584	253.84186896551728	386.18098247126443	122.61016949152543	368.1853425287357	374.34459310344823	97.22033898305085	368.0354597701149	389.49152542372883	212.17241379310346	382.9655172413793	399.9491525423729
3	939	947	3	3	117	226.9152542372881	234.18556379310346	0.49753751975000005	0.1793532897843137	51	30588	30457	28353	31072	32591	32280	31130	32563	32684	31135	32822	31156	215.59322033898306	225.89830508474577	381.8173609195402	87.38983050847457	294.06779661016947	299.864406779661	84.76271186440678	295.77966101694915	323.17241379310343	157.98051637931036	305.3582137931034	329.9655172413793
3	949	947	3	1	117	6.508474576271186	175.0677966101695	0.49753751975000005	0.1793532897843137	51	30588	30457	30560	31072	32591	32280	31130	32563	32684	31135	32822	31156	185.66101694915255	198.71186440677965	384.728813559322	83.66101694915254	197.83050847457628	193.15254237288136	83.55172413793103	193.67796610169492	211.59448965517242	118.35496293103448	205.4488353448276	207.94143103448278
3	960	947	3	1	117	0	24.796610169491526	0.49753751975000005	0.1793532897843137	51	30588	30457	30560	31072	32591	32280	31130	32563	32684	31135	32822	31156	148.03389830508473	165.9322033898305	342.06779661016947	36.067796610169495	127.15254237288136	122.28813559322033	35.28180086206896	122.8135593220339	141.4234252873563	70.49152542372882	132.74576271186442	138.0677966101695
3	970	947	3	1	117	0	0	0.49753751975000005	0.1793532897843137	51	30588	30457	30560	31072	32591	32280	31130	32563	32684	31135	32822	31156	61.74576271186441	101.25862068965517	236.5084745762712	0	0	0	0	0	0	0	0	0
3	980	947	3	1	117	0	0	0.49753751975000005	0.1793532897843137	51	30588	30457	30560	31072	32591	32280	31130	32563	32684	31135	32822	31156	25.271186440677965	64.17702155172414	188.67796610169492	0	0	0	0	0	0	0	0	0
3	990	947	3	0	117	0	0	0.49753751975000005	0.1793532897843137	51	30588	30457	30560	31072	32591	32280	31130	32563	32684	31135	32822	31156	0	0	96.47457627118644	0	0	0	0	0	0	0	0	0
3	1000	1048	3	19	117	228.864406779661	52.143579310344826	0.7595176211666667	0.18164397676923077	52	18732	26626	22937	20649	22355	21586	30441	21933	22001	25746	22622	20150	26.603448275862068	14.165537931034484	78.56896551724138	0	0	0	0	0	0	0	0	0
3	1010	1060	3	19	116	246.05172413793105	160.5593220338983	2.162965604	0.2102165145740741	54	21264	28185	24881	26228	27195	26350	31422	26655	27230	30768	28084	25199	67.54237288135593	38.49152542372882	59.983050847457626	79.32203389830508	122.37288135593221	122.66101694915254	36.644067796610166	124.10169491525424	124.67796610169492	78.45762711864407	120.71186440677965	129.08474576271186
3	1020	1060	3	4	116	243.19342327586205	201.94827586206895	2.162965604	0.2102165145740741	54	25449	30461	27584	30907	32499	32229	31417	33097	32982	30902	32859	31719	111.33550114942528	63.42012844827587	89.8769632183908	133.08474576271186	204.99616666666668	205.61034913793105	40.271186440677965	206.45399425287354	207.25423728813558	83.56896551724138	203.35593220338984	209.89830508474577
3	1030	1060	3	3	116	241.88135593220338	199.57538362068968	2.162965604	0.2102165145740741	54	29248	30678	30664	30907	32499	32229	31417	33097	32982	30902	32859	31719	202.77966101694915	95.83050847457628	164.41778735632184	135.01694915254237	233.01694915254237	236.08474576271186	40.271186440677965	249.83050847457628	241.58620689655172	82.67059913793102	227.9655172413793	255.75862068965517
3	1040	1060	3	57	116	241.88135593220338	198.49178105405863	1.3027170275	0.2116753537272727	54	30780	30678	30664	30907	32499	32229	31417	33097	32982	30902	32859	31719	238.6949152542373	95.83050847457628	170.77966101694915	135.01694915254237	233.01694915254237	236.08474576271186	40.96551724137931	249.83050847457628	238.98110229885063	82.51042528735633	225.32871609195402	252.91117471264369
3	1050	1101	3	32	115	483.76271186440675	280.03389830508473	2.495259402	0.23923496836842104	57	23341	22338	18924	21937	21506	21538	25006	22118	22251	20935	21749	20750	277.1694915254237	112.23728813559322	200.67796610169492	168.23728813559322	282.9830508474576	289	71.98980459770115	301.6949152542373	242.10637701149426	121.20338983050847	271.22033898305085	303.728813559322
