phase	t	slot	blocks	cumTxBytes	confBps	forged	adopted	didntAdopt	leader	mpBytesPerTx	mp_bp1	mp_bp2	mp_bp3	mp_relay11	mp_relay12	mp_relay13	mp_relay21	mp_relay22	mp_relay23	mp_relay31	mp_relay32	mp_relay33	mpB_bp1	mpB_bp2	mpB_bp3	mpB_relay11	mpB_relay12	mpB_relay13	mpB_relay21	mpB_relay22	mpB_relay23	mpB_relay31	mpB_relay32	mpB_relay33	in_bp1	in_bp2	in_bp3	in_relay11	in_relay12	in_relay13	in_relay21	in_relay22	in_relay23	in_relay31	in_relay32	in_relay33
1	0	30	0	0		1	1		1	232.0				14327												3323864																				
1	10	48	1	0		2	2		2	232.0				18125												4205000																				
1	20	48	1	0		2	2		2	232.0		526		21957		568	570	576						122032		5094024		131776	132240	133632																
1	30	48	1	0		2	2		2	232.0	2226	2954	2206	24274	2242	3004	3014	3018	2260	2263	2274	2284	516432	685328	511792	5631568	520144	696928	699248	700176	524320	525016	527568	529888												
1	40	48	1	0		2	2		2	232.0	4668	5392	4640	24274	4682	5448	5458	5462	4611	4687	4710	4722	1082976	1250944	1076480	5631568	1086224	1263936	1266256	1267184	1069752	1087384	1092720	1095504	171	171	171	0	171	171	172	172	171	171	171	171
1	50	92	2	87552		3	3		3	232.0	6654	7388	6558	24375	6630	7452	7466	7460	5849	6582	6626	6598	1543728	1714016	1521456	5655000	1538160	1728864	1732112	1730720	1356968	1527024	1537232	1530736	336	338	327	0	333	338	338	338	252	325	328	324
1	60	92	2	87552	0	3	3		3	232.0	9088	9822	8932	24379	8838	9890	9902	9898	7853	8992	8574	8712	2108416	2278704	2072224	5655928	2050416	2294480	2297264	2296336	1821896	2086144	1989168	2021184	170	169	169	0	169	171	171	170	165	169	170	155
1	70	92	2	87552	0	3	3		3	232.0	11518	12254	11366	24379	11270	12324	12334	12308	9715	11426	10366	10615	2672176	2842928	2636912	5655928	2614640	2859168	2861488	2855456	2253880	2650832	2404912	2462680	341	341	337	0	318	342	341	339	247	341	229	278
1	80	122	3	1448256	136070	4	4		4	232.0	7816	8562	7658	18775	7453	8658	8620	8630	6046	7742	6522	6370	1813312	1986384	1776656	4355800	1729096	2008656	1999840	2002160	1402672	1796144	1513104	1477840	171	170	170	0	160	171	172	171	168	170	159	106
1	90	122	3	1448256	0	4	4		4	232.0	10250	10982	10090	22793	9853	11098	11054	11068	7726	10172	8633	8798	2378000	2547824	2340880	5287976	2285896	2574736	2564528	2567776	1792432	2359904	2002856	2041136	154	156	154	0	154	158	152	156	152	156	144	159
1	100	143	4	4475640	302738	5	5		5	232.0	12570	5948	5094	26526	4486	6100	6016	6018	2110	5154	3475	3750	2916240	1379936	1181808	6154032	1040752	1415200	1395712	1396176	489520	1195728	806200	870000	342	340	342	0	303	342	342	342	218	342	303	339
1	110	145	5	4563192	8755	6	6		6	232.0	7256	7966	7088	22251	6498	8098	8024	8018	3739	7148	5023	5549	1683392	1848112	1644416	5162232	1507536	1878736	1861568	1860176	867448	1658336	1165336	1287368	154	151	152	0	152	153	150	149	142	151	143	141
1	120	145	5	4563192	0	6	6		6	232.0	9692	10394	9513	26273	8874	10538	10462	10458	5386	9577	6900	7896	2248544	2411408	2207016	6095336	2058768	2444816	2427184	2426256	1249552	2221864	1600800	1831872	341	341	342	0	336	343	342	342	246	342	249	322
1	130	145	5	4563192	0	6	6		6	232.0	12104	12824	10946	29820	11282	12968	12825	12880	7134	11032	8766	9531	2808128	2975168	2539472	6918240	2617424	3008576	2975400	2988160	1655088	2559424	2033712	2211192	169	171	99	0	170	170	170	170	106	97	149	131
1	140	145	5	4563192	0	6	6		6	232.0	14540	15238	13039	29820	13586	15406	14988	15312	8611	13101	10928	11491	3373280	3535216	3025048	6918240	3151952	3574192	3477216	3552384	1997752	3039432	2535296	2665912	171	339	279	0	327	343	309	342	228	280	281	257
1	150	145	5	4563192	0	6	6		6	232.0	16968	17632	15149	29820	15383	17838	17416	17744	10418	15307	12443	12790	3936576	4090624	3514568	6918240	3568856	4138416	4040512	4116608	2416976	3551224	2886776	2967280	341	168	147	0	133	171	170	171	113	148	95	82
1	160	195	6	5835432	127224	7	7		7	232.0	13688	14290	11574	27246	11994	14550	14130	14410	6790	11997	9095	9321	3175616	3315280	2685168	6321072	2782608	3375600	3278160	3343120	1575280	2783304	2110040	2162472	157	151	136	0	124	157	157	153	145	155	138	124
1	170	212	8	9089448	325402	9	9		9	232.0	7238	7768	4854	21985	5071	8074	7644	7914	530	5446	2524	2708	1679216	1802176	1126128	5100520	1176472	1873168	1773408	1836048	122960	1263472	585568	628256	326	316	287	0	275	323	320	320	223	314	310	300
1	180	212	8	9089448	0	9	9		9	232.0	9670	10178	7012	25999	7485	10511	10080	10348	2970	7798	4100	4799	2243440	2361296	1626784	6031768	1736520	2438552	2338560	2400736	689040	1809136	951200	1113368	167	167	149	0	166	169	170	169	169	160	132	163
1	190	212	8	9089448	0	9	9		9	232.0	12100	12588	9175	30007	9913	12942	12504	12762	5412	10234	6081	6511	2807200	2920416	2128600	6961624	2299816	3002544	2900928	2960784	1255584	2374288	1410792	1510552	341	338	303	0	342	342	341	339	343	342	258	241
1	200	212	8	9089448	0	9	9		9	232.0	14536	15002	11327	33362	12172	15382	14940	15151	7840	12666	8025	8599	3372352	3480464	2627864	7739984	2823904	3568624	3466080	3515032	1818880	2938512	1861800	1994968	171	169	151	0	164	171	171	167	171	171	134	162
1	210	212	8	9089448	0	9	9		9	232.0	16964	17414	13487	33362	14610	17824	17372	17589	10280	15108	10209	10470	3935648	4040048	3128984	7739984	3389520	4135168	4030304	4080648	2384960	3505056	2368488	2429040	170	169	151	0	161	171	171	170	341	171	291	256
1	220	260	9	10721472	163202	10	10		10	232.0	12082	12510	8349	27083	9706	12926	12438	12681	5359	10202	4812	5156	2803024	2902320	1936968	6283256	2251792	2998832	2885616	2941992	1243288	2366864	1116384	1196192	327	324	289	0	324	327	321	326	153	326	103	112
1	230	260	9	10721472	0	10	10		10	232.0	14518	14924	10509	31106	12142	15368	14874	15119	7501	12490	7120	7584	3368176	3462368	2438088	7216592	2816944	3565376	3450768	3507608	1740232	2897680	1651840	1759488	170	168	151	0	171	169	170	168	150	170	171	170
1	240	283	10	13887936	316646	11	11		11	232.0	16824	17176	5793	33652	14390	17656	17172	17393	3038	14624	2133	2677	3903168	3984832	1343976	7807264	3338480	4096192	3983904	4035176	704816	3392768	494856	621064	342	338	302	0	338	342	342	342	331	315	283	299
1	250	283	10	13887936	0	11	11		11	232.0	12478	12800	7947	30438	9618	13338	12842	13081	5462	10310	4277	5109	2894896	2969600	1843704	7061616	2231376	3094416	2979344	3034792	1267184	2391920	992264	1185288	153	149	137	0	140	154	154	153	154	151	130	150
1	260	283	10	13887936	0	11	11		11	232.0	14912	15222	10104	33697	11305	15770	15278	15519	7894	12720	6703	7537	3459584	3531504	2344128	7817704	2622760	3658640	3544496	3600408	1831408	2951040	1555096	1748584	342	339	303	0	236	342	342	342	341	340	329	341
1	270	283	10	13887936	0	11	11		11	232.0	17346	17654	12260	33697	13733	18206	17716	17943	10330	15156	9123	9927	4024272	4095728	2844320	7817704	3186056	4223792	4110112	4162776	2396560	3516192	2116536	2303064	170	171	151	0	171	171	171	170	171	171	169	171
1	280	315	11	16692564	280463	12	12		12	232.0	13983	14255	8666	30842	10398	14863	14351	14584	6911	11765	5770	6227	3244056	3307160	2010512	7155344	2412336	3448216	3329432	3383488	1603352	2729480	1338640	1444664	149	145	133	0	150	151	149	149	148	146	149	136
1	290	315	11	16692564	0	12	12		12	232.0	16419	16693	10826	33729	12663	17305	16791	17016	9349	14205	7955	7942	3809208	3872776	2511632	7825128	2937816	4014760	3895512	3947712	2168968	3295560	1845560	1842544	341	341	303	0	335	342	342	342	336	342	319	267
1	300	315	11	16692564	0	12	12		12	232.0	18853	19125	12976	33729	14782	19735	19219	19444	11777	16626	10087	9817	4373896	4437000	3010432	7825128	3429424	4578520	4458808	4511008	2732264	3857232	2340184	2277544	171	171	151	0	144	171	170	170	171	169	151	109
1	310	347	12	19859028	316646	13	13		13	232.0	12734	13034	6684	27367	8369	13658	13152	13355	5712	10464	3988	3156	2954288	3023888	1550688	6349144	1941608	3168656	3051264	3098360	1325184	2427648	925216	732192	319	320	290	0	289	323	323	321	323	318	307	261
1	320	347	12	19859028	0	13	13		13	232.0	15166	15470	8842	31376	10293	16100	15539	15791	8140	12807	6420	4967	3518512	3589040	2051344	7279232	2387976	3735200	3605048	3663512	1888480	2971224	1489440	1152344	171	171	151	0	141	171	171	171	171	169	170	119
1	330	347	12	19859028	0	13	13		13	232.0	17600	17900	10999	33872	11836	18532	17973	18225	10570	14958	8554	6623	4083200	4152800	2551768	7858304	2745952	4299424	4169736	4228200	2452240	3470256	1984528	1536536	341	341	303	0	221	342	337	342	341	305	316	239
1	340	381	14	23018424	315938	15	15		15	232.0	14178	14463	7381	30772	8228	15078	14570	14745	7168	11302	4999	2997	3289296	3355416	1712392	7139104	1908896	3498096	3380240	3420840	1662976	2622064	1159768	695304	146	146	131	0	121	140	146	140	148	136	133	134
1	350	381	14	23018424	0	15	15		15	232.0	16606	16896	9534	33739	10601	17514	16998	17183	9588	13652	7379	4499	3852592	3919872	2211888	7827448	2459432	4063248	3943536	3986456	2224416	3167264	1711928	1043768	165	163	148	0	164	169	166	166	164	147	154	133
1	360	401	16	24604164	158575	17	17		17	232.0	11681	12135	4546	26940	5657	12697	11953	12366	4817	8831	2612	646	2709992	2815320	1054672	6250080	1312424	2945704	2773096	2868912	1117544	2048792	605984	149872	309	323	287	0	298	316	296	318	321	313	325	189
1	370	401	16	24604164	0	17	17		17	232.0	14119	14571	6704	30956	8095	15133	14369	14804	7253	11213	5050	3088	3275608	3380472	1555328	7181792	1878040	3510856	3333608	3434528	1682696	2601416	1171600	716416	164	165	148	0	168	168	163	165	165	164	163	167
1	380	422	17	27119688	251554	18	18		18	232.0	5396	5872	386	22857	402	6422	5637	6091	417	2510	436	439	1251872	1362304	89552	5302824	93264	1489904	1307784	1413112	96744	582320	101152	101848	331	335	288	0	328	331	330	331	329	327	319	325
1	390	422	17	27119688	0	18	18		18	232.0	7836	8308	2829	26891	2842	8862	7903	8529	2857	4944	2876	2879	1817952	1927456	656328	6238712	659344	2055984	1833496	1978728	662824	1147008	667232	667928	169	168	171	0	171	171	168	170	170	170	171	170
1	400	422	17	27119688	0	18	18		18	232.0	10270	10748	5260	30912	5283	11300	10198	10967	5294	7382	5303	5319	2382640	2493536	1220320	7171584	1225656	2621600	2365936	2544344	1228208	1712624	1230296	1234008	342	341	341	0	342	171	312	342	342	342	341	342
1	410	422	17	27119688	0	18	18		18	232.0	12704	13186	7689	33739	7722	13742	12455	13401	7680	9782	7739	7753	2947328	3059152	1783848	7827448	1791504	3188144	2889560	3109032	1781760	2269424	1795448	1798696	171	171	170	0	171	342	160	171	171	170	171	171
1	420	461	19	29091888	197220	20	20		20	232.0	14378	14834	9420	33739	9416	15438	14138	15119	9188	11448	9473	9501	3335696	3441488	2185440	7827448	2184512	3581616	3280016	3507608	2131616	2655936	2197736	2204232	171	171	171	0	171	171	163	171	153	167	170	171
1	430	461	19	29091888	0	20	20		20	232.0	16816	17270	11860	33751	11664	17878	16572	17559	11628	13846	11532	11941	3901312	4006640	2751520	7830232	2706048	4147696	3844704	4073688	2697696	3212272	2675424	2770312	305	301	310	0	300	308	304	309	301	300	302	312
1	440	461	19	29091888	0	20	20		20	232.0	19254	19702	14294	33751	14052	20314	18680	19993	14054	16278	13814	14371	4466928	4570864	3316208	7830232	3260064	4712848	4333760	4638376	3260528	3776496	3204848	3334072	171	170	170	0	159	171	144	171	171	171	140	171
1	450	488	20	31077540	198565	21	21		21	232.0	12795	13209	7859	26688	7495	13853	12223	13510	7591	9765	7235	7942	2968440	3064488	1823288	6191616	1738840	3213896	2835736	3134320	1761112	2265480	1678520	1842544	323	320	325	0	309	324	318	321	322	318	299	326
1	460	488	20	31077540	0	21	21		21	232.0	15231	15649	10299	30697	9911	16291	14659	15946	9412	12206	9673	10384	3533592	3630568	2389368	7121704	2299352	3779512	3400888	3699472	2183584	2831792	2244136	2409088	171	171	171	0	169	171	171	171	131	171	171	171
1	470	508	21	34244004	316647	22	22		22	232.0	12243	12658	7289	29046	6918	13296	11530	12931	6091	9002	6631	7391	2840376	2936656	1691048	6738672	1604976	3084672	2674960	2999992	1413112	2088464	1538392	1714712	318	317	316	0	317	171	304	316	266	297	313	318
1	480	508	21	34244004	0	22	22		22	232.0	14668	15098	9708	33068	9358	15738	13962	15365	8423	11438	8969	9829	3402976	3502736	2252256	7671776	2171056	3651216	3239184	3564680	1954136	2653616	2080808	2280328	170	170	169	0	171	319	171	171	156	171	171	171
1	490	508	21	34244004	0	22	22		22	232.0	17102	17536	12142	33412	11796	18178	16398	17803	10612	13878	11315	12263	3967664	4068352	2816944	7751584	2736672	4217296	3804336	4130296	2461984	3219696	2625080	2845016	170	171	170	0	171	171	171	171	171	171	161	171
1	500	508	21	34244004	0	22	22		22	232.0	19537	19968	14578	33412	14230	20620	18726	20239	12622	16314	13563	14701	4532584	4632576	3382096	7751584	3301360	4783840	4344432	4695448	2928304	3784848	3146616	3410632	342	342	341	0	342	343	331	342	274	342	316	342
1	510	508	21	34244004	0	22	22		22	232.0	21950	22396	17014	33412	16650	23048	21138	22667	14720	18686	15975	17135	5092400	5195872	3947248	7751584	3862800	5347136	4904016	5258744	3415040	4335152	3706200	3975320	170	171	171	0	171	170	170	171	155	167	168	170
1	520	559	22	37410468	316645	23	23		23	232.0	15461	15875	10499	25737	10108	16567	14631	16118	7353	12066	9370	10600	3586952	3683000	2435768	5970984	2345056	3843544	3394392	3739376	1705896	2799312	2173840	2459200	319	316	318	0	314	322	317	319	228	305	308	318
1	530	559	22	37410468	0	23	23		23	232.0	17903	18315	12925	29751	12444	18997	17061	18550	9483	14498	10939	13030	4153496	4249080	2998600	6902232	2887008	4407304	3958152	4303600	2200056	3363536	2537848	3022960	171	171	170	0	161	171	170	171	134	171	136	170
1	540	559	22	37410468	0	23	23		23	232.0	20337	20741	15357	33393	14425	21437	19475	20972	11323	16926	12692	15458	4718184	4811912	3562824	7747176	3346600	4973384	4518200	4865504	2626936	3926832	2944544	3586256	342	341	341	0	152	171	170	170	280	171	224	341
1	550	559	22	37410468	0	23	23		23	232.0	22773	23177	17787	33393	16224	23873	21909	23406	13169	19349	14912	17892	5283336	5377064	4126584	7747176	3763968	5538536	5082888	5430192	3055208	4488968	3459584	4150944	171	171	170	0	253	343	342	342	124	340	149	171
1	560	559	22	37410468	0	23	23		23	232.0	25195	25611	20215	33393	18211	26304	23889	25830	15499	21774	17118	20316	5845240	5941752	4689880	7747176	4224952	6102528	5542248	5992560	3595768	5051568	3971376	4713312	170	171	170	0	135	171	171	171	149	171	146	171
1	570	559	22	37410468	0	23	23		23	232.0	27623	28039	22647	33393	20647	28731	25957	28256	17865	24104	19534	22744	6408536	6505048	5254104	7747176	4790104	6665592	6022024	6555392	4144680	5592128	4531888	5276608	340	341	341	0	329	341	260	341	332	331	340	341
1	580	559	22	37410468	0	23	23		23	232.0	30055	30475	25077	33393	22691	31173	28387	30692	20027	26540	21104	25179	6972760	7070200	5817864	7747176	5264312	7232136	6585784	7120544	4646264	6157280	4896128	5841528	171	171	171	0	171	172	171	171	153	171	141	170
1	590	559	22	37410468	0	23	23		23	232.0	32489	32901	27513	33393	24820	33393	30823	33116	21856	28974	23241	27608	7537448	7633032	6383016	7747176	5758240	7747176	7150936	7682912	5070592	6721968	5391912	6405056	341	341	341	0	272	326	342	341	281	342	264	341
1	600	559	22	37410468	0	23	23		23	232.0	33393	33393	29933	33393	27128	33393	33243	33393	23757	31284	25497	30032	7747176	7747176	6944456	7747176	6293696	7747176	7712376	7747176	5511624	7257888	5915304	6967424	116	78	170	0	158	0	170	37	133	170	160	170
1	610	559	22	37410468	0	23	23		23	232.0	33393	33393	32343	33393	29241	33393	33393	33393	25262	33159	27917	32450	7747176	7747176	7503576	7747176	6783912	7747176	7747176	7747176	5860784	7692888	6476744	7528400	0	0	338	0	170	0	102	0	224	156	324	340
2	620	559	22	37410468	0	23	23		23	232.0	33669	33669	33430	33393	31324	33669	33669	33669	26831	33159	29673	33430	7811208	7811208	7755760	7747176	7267168	7811208	7811208	7811208	6224792	7692888	6884136	7755760	28	28	110	0	300	28	0	28	99	110	140	100
2	630	669	23	40576932	316646	24	24		24	232.0	28979	28997	28707	29351	27588	29097	29524	29110	23575	28541	26564	28849	6723128	6727304	6660024	6809432	6400416	6750504	6849568	6753520	5469400	6621512	6162848	6692968	0	0	0	0	134	0	0	0	145	0	133	0
2	640	669	23	40576932	0	24	24		24	232.0	31979	31987	31409	33338	30555	32543	33414	32559	25997	31967	28836	31851	7419128	7420984	7286888	7734416	7088760	7549976	7752048	7553688	6031304	7416344	6689952	7389432	290	289	263	162	293	371	146	365	298	343	274	299
2	650	669	23	40576932	0	24	24		24	232.0	34309	34703	33659	33338	32291	34648	33414	34205	28498	33063	31561	33341	7959688	8051096	7808888	7734416	7491512	8038336	7752048	7935560	6611536	7670616	7322152	7735112	211	209	191	0	222	242	0	207	169	165	201	210
2	660	669	23	40576932	0	24	24		24	232.0	34309	34789	33659	33338	32291	34648	33414	34205	29834	33063	31620	33341	7959688	8071048	7808888	7734416	7491512	8038336	7752048	7935560	6921488	7670616	7335840	7735112	80	132	87	0	8	3	0	0	268	0	143	0
2	670	669	23	40576932	0	24	24		24	232.0	34309	34789	33659	33338	32291	34648	33414	34205	29834	33063	31620	33341	7959688	8071048	7808888	7734416	7491512	8038336	7752048	7935560	6921488	7670616	7335840	7735112	0	0	0	0	0	0	0	0	0	0	0	0
2	680	717	24	43743396	316648	25	25		25	232.0	26989	27353	26124	27161	25052	27422	27251	27004	22588	25941	24298	26011	6261448	6345896	6060768	6301352	5812064	6361904	6322232	6264928	5240416	6018312	5637136	6034552	0	0	0	0	0	0	0	0	142	0	0	0
2	690	725	25	43830948	8755	26	26		26	232.0	29195	29504	28103	31570	27537	30019	31696	29581	24805	28515	26826	28525	6773240	6844928	6519896	7324240	6388584	6964408	7353472	6862792	5754760	6615480	6223632	6617800	313	295	281	193	342	383	187	376	171	370	330	329
2	700	738	26	46909632	307869	27	27		27	232.0	18410	18681	16922	21551	17128	19588	21646	19166	14079	18085	16414	18087	4271120	4333992	3925904	4999832	3973696	4544416	5021872	4446512	3266328	4195720	3808048	4196184	202	201	168	73	228	212	84	215	207	218	226	224
2	710	738	26	46909632	0	27	27		27	232.0	21422	21674	19491	27196	20500	22989	27283	22556	17104	21474	19775	21477	4969904	5028368	4521912	6309472	4756000	5333448	6329656	5232992	3968128	4981968	4587800	4982664	402	397	349	220	458	473	210	470	405	466	456	460
2	720	738	26	46909632	0	27	27		27	232.0	24443	24672	22046	32840	23922	26426	32954	25999	20144	24915	23176	24908	5670776	5723904	5114672	7618880	5549904	6130832	7645328	6031768	4673408	5780280	5376832	5778656	212	211	179	118	239	242	120	243	213	240	239	240
2	730	738	26	46909632	0	27	27		27	232.0	27454	27690	24605	33545	27372	29887	33055	29458	23185	28371	26638	28371	6369328	6424080	5708360	7782440	6350304	6933784	7668760	6834256	5378920	6582072	6180016	6582072	422	422	359	82	484	242	74	241	427	486	483	486
2	740	777	27	50076096	316647	28	28		28	232.0	29590	29644	26211	33559	29806	32341	33090	31873	25260	30746	28991	30767	6864880	6877408	6080952	7785688	6914992	7503112	7676880	7394536	5860320	7133072	6725912	7137944	166	155	128	10	184	426	0	421	159	176	176	179
2	750	789	28	53242560	316646	29	29		29	232.0	18854	18865	15078	21743	19450	20982	21103	20131	14574	19980	18667	19924	4374128	4376680	3498096	5044376	4512400	4867824	4895896	4670392	3381168	4635360	4330744	4622368	210	202	178	2	240	211	13	185	212	245	239	242
2	760	789	28	53242560	0	29	29		29	232.0	21888	21854	17680	27837	22899	24431	26788	23570	17651	23423	22095	23376	5078016	5070128	4101760	6458184	5312568	5667992	6214816	5468240	4095032	5434136	5126040	5423232	400	394	342	256	454	388	183	376	406	409	457	406
2	770	812	29	56409024	316646	30	30		30	232.0	24554	24516	19986	32725	25866	27395	31657	26554	20266	26345	25003	26396	5696528	5687712	4636752	7592200	6000912	6355640	7344424	6160528	4701712	6112040	5800696	6123872	213	210	182	121	243	243	121	243	216	243	243	242
2	780	812	29	56409024	0	30	30		30	232.0	26987	26859	21946	33019	28689	30237	33261	29385	22729	29166	27823	29212	6260984	6231288	5091472	7660408	6655848	7014984	7716552	6817320	5273128	6766512	6454936	6777184	370	361	313	72	413	415	126	417	367	412	408	421
2	790	812	29	56409024	0	30	30		30	232.0	29850	29845	24531	33019	32125	33357	33261	32767	25765	32545	31292	32649	6925200	6924040	5691192	7660408	7453000	7738824	7716552	7601944	5977480	7550440	7259744	7574568	201	211	181	0	243	236	0	241	213	241	243	244
2	800	843	30	59575488	316646	31	31		31	232.0	32551	32651	26988	33019	33532	33357	33261	33519	28589	33524	33137	33222	7551832	7575032	6261216	7660408	7779424	7738824	7716552	7776408	6632648	7777568	7687784	7707504	396	404	357	0	283	87	0	191	412	227	339	203
2	810	843	30	59575488	0	31	31		31	232.0	21807	22688	15919	24914	23611	23405	25325	23657	18742	23573	23355	23370	5059224	5263616	3693208	5780048	5477752	5429960	5875400	5488424	4348144	5468936	5418360	5421840	179	237	159	155	237	275	141	269	241	243	237	246
2	820	843	30	59575488	0	31	31		31	232.0	24808	26353	18475	31266	27625	27429	31676	27714	22477	27641	27383	27110	5755456	6113896	4286200	7253712	6409000	6363528	7348832	6429648	5214664	6412712	6352856	6289520	209	260	180	170	277	277	170	280	267	280	279	261
2	830	843	30	59575488	0	31	31		31	232.0	27833	29397	20959	33316	31721	31521	33340	31847	26149	31771	31516	30964	6457256	6820104	4862488	7729312	7359272	7312872	7734880	7388504	6066568	7370872	7311712	7183648	425	473	355	201	574	576	205	580	519	580	577	537
2	840	875	31	62741952	316646	32	32		32	232.0	27168	28327	19894	33264	31855	31707	33391	32043	25598	31986	31673	31209	6302976	6571864	4615408	7717248	7390360	7356024	7746712	7433976	5938736	7420752	7348136	7240488	156	140	132	32	214	217	10	220	191	219	212	205
2	850	875	31	62741952	0	32	32		32	232.0	30278	30890	22449	33264	33784	33464	33391	33744	28304	34111	33450	33297	7024496	7166480	5208168	7717248	7837888	7763648	7746712	7828608	6566528	7913752	7760400	7724904	435	358	357	87	391	276	113	340	397	404	393	426
2	860	875	31	62741952	0	32	32		32	232.0	32098	32677	25007	33264	33784	33464	33391	33744	30956	34111	33450	33297	7446736	7581064	5801624	7717248	7837888	7763648	7746712	7828608	7181792	7913752	7760400	7724904	215	182	180	0	0	56	0	0	186	0	0	0
2	870	909	32	65908416	316647	33	33		33	232.0	22201	22801	16632	24024	24166	23814	24291	24147	22183	24480	23867	23821	5150632	5289832	3858624	5573568	5606512	5524848	5635512	5602104	5146456	5679360	5537144	5526472	80	106	338	0	0	0	0	0	300	0	108	0
2	880	909	32	65908416	0	33	33		33	232.0	25849	26269	19303	30401	29012	28660	30643	28958	25743	29324	28717	28674	5996968	6094408	4478296	7053032	6730784	6649120	7109176	6718256	5972376	6803168	6662344	6652368	256	243	187	256	462	509	240	495	250	470	340	471
2	890	909	32	65908416	0	33	33		33	232.0	29490	29083	21819	33112	33873	33520	33125	33778	29774	34172	33573	33530	6841680	6747256	5062008	7681984	7858536	7776640	7685000	7836496	6907568	7927904	7788936	7778960	255	229	180	147	341	341	159	339	266	340	340	341
2	900	909	32	65908416	0	33	33		33	232.0	32216	32130	24302	33112	34446	34286	33125	34213	32113	34679	34429	34160	7474112	7454160	5638064	7681984	7991472	7954352	7685000	7937416	7450216	8045528	7987528	7925120	443	402	353	0	335	304	0	285	488	318	381	346
2	910	909	32	65908416	0	33	33		33	232.0	32347	32606	26738	33112	34446	34286	33125	34213	32113	34679	34429	34160	7504504	7564592	6203216	7681984	7991472	7954352	7685000	7937416	7450216	8045528	7987528	7925120	69	116	171	0	0	0	0	0	0	0	0	0
2	920	909	32	65908416	0	33	33		33	232.0	32347	32606	29190	33112	34446	34286	33125	34213	32113	34679	34429	34160	7504504	7564592	6772080	7681984	7991472	7954352	7685000	7937416	7450216	8045528	7987528	7925120	0	0	343	0	0	0	0	0	0	0	0	0
2	930	909	32	65908416	0	33	33		33	232.0	32347	32606	30672	33112	34446	34286	33125	34213	32113	34679	34429	34160	7504504	7564592	7115904	7681984	7991472	7954352	7685000	7937416	7450216	8045528	7987528	7925120	0	0	171	0	0	0	0	0	0	0	0	0
2	940	980	34	69162432	325403	35	35		35	232.0	30417	30376	28319	32162	32909	32719	32168	32628	30673	33112	32944	32755	7056744	7047232	6570008	7461584	7634888	7590808	7462976	7569696	7116136	7681984	7643008	7599160	159	128	123	4	0	0	0	0	208	0	0	0
2	950	980	34	69162432	0	35	35		35	232.0	32159	32224	30314	32555	34042	34158	32404	33728	31711	34069	33971	33687	7460888	7475968	7032848	7552760	7897744	7924656	7517728	7824896	7356952	7904008	7881272	7815384	177	189	171	115	315	342	115	307	107	294	309	308
2	960	980	34	69162432	0	35	35		35	232.0	32159	32224	30314	32555	34042	34158	32404	33728	31711	34069	33971	33687	7460888	7475968	7032848	7552760	7897744	7924656	7517728	7824896	7356952	7904008	7881272	7815384	0	0	31	0	0	0	0	0	0	0	0	0
2	970	980	34	69162432	0	35	35		35	232.0	32159	32224	30314	32555	34042	34158	32404	33728	31711	34069	33971	33687	7460888	7475968	7032848	7552760	7897744	7924656	7517728	7824896	7356952	7904008	7881272	7815384	0	0	0	0	0	0	0	0	0	0	0	0
2	980	1019	35	72241116	307870	36	36		36	232.0	19666	19786	17531	23590	21786	22058	21770	21603	19640	21888	21835	21588	4562512	4590352	4067192	5472880	5054352	5117456	5050640	5011896	4556480	5078016	5065720	5008416	0	0	0	0	0	0	0	0	0	0	0	0
2	990	1019	35	72241116	0	37	36		37	232.0	23195	23543	20004	29783	26532	26816	28018	26339	24395	26648	26583	26338	5381240	5461976	4640928	6909656	6155424	6221312	6500176	6110648	5659640	6182336	6167256	6110416	428	447	295	146	591	318	294	297	581	603	583	600
2	1000	1042	37	75495132	325403	38	38		38	232.0	22435	22574	17843	30782	26539	26813	28855	26299	24377	26495	26460	25878	5204920	5237168	4139576	7141424	6157048	6220616	6694360	6101368	5655464	6146840	6138720	6003696	199	187	128	291	255	596	126	589	255	255	249	256
2	1010	1042	37	75495132	0	38	38		38	232.0	25713	25463	20260	32096	30979	31245	32204	30716	28820	30951	30907	30717	5965416	5907416	4700320	7446272	7187128	7248840	7471328	7126112	6686240	7180632	7170424	7126344	214	214	146	98	286	288	143	287	288	279	282	278
2	1020	1042	37	75495132	0	38	38		38	232.0	29377	28287	22747	32096	33601	34232	32204	33434	32643	33865	34196	34343	6815464	6562584	5277304	7446272	7795432	7941824	7471328	7756688	7573176	7856680	7933472	7967576	518	420	342	0	567	549	54	541	635	586	652	675
2	1030	1042	37	75495132	0	38	38		38	232.0	32208	31109	25230	32096	33601	34232	32204	33434	32643	33865	34196	34343	7472256	7217288	5853360	7446272	7795432	7941824	7471328	7756688	7573176	7856680	7933472	7967576	255	199	179	0	0	0	0	0	77	0	0	0
2	1040	1078	38	78573816	307868	39	39		39	232.0	19980	19750	13920	23655	21702	22340	23688	21604	20908	22008	22391	22588	4635360	4582000	3229440	5487960	5034864	5182880	5495616	5012128	4850656	5105856	5194712	5240416	193	313	318	73	107	160	56	147	98	120	96	112
2	1050	1086	39	78661368	8755	40	40		40	232.0	22793	22593	15774	28681	25627	26252	28849	25493	24827	25900	26279	26448	5287976	5241576	3659568	6653992	5945464	6090464	6692968	5914376	5759864	6008800	6096728	6135936	212	216	151	142	290	288	143	287	289	284	285	281
2	1060	1086	39	78661368	0	40	40		40	232.0	25977	26408	18202	32256	30479	31114	32124	30293	29686	30746	31143	31310	6026664	6126656	4222864	7483392	7071128	7218448	7452768	7027976	6887152	7133072	7225176	7263920	471	527	341	170	339	339	223	338	680	341	682	682
2	1070	1112	42	81915156	325379	43	43		43	232.0	17015	15769	5927	21496	19641	20169	32124	19414	19267	19189	20061	20361	3947480	3658408	1375064	4987072	4556712	4679208	7452768	4504048	4469944	4451848	4654152	4723752	168	190	146	44	607	557	0	589	283	502	257	251
2	1080	1124	46	82265364	35021	47	47		47	232.0	18630	17274	6103	24479	21870	22471	23823	21810	21686	21275	22196	22635	4322160	4007568	1415896	5679128	5073840	5213272	5526936	5059920	5031152	4935800	5149472	5251320	121	107	125	65	139	170	44	154	201	173	142	159
2	1090	1124	46	82265364	0	47	47		47	232.0	20940	19543	8541	29234	25292	25919	28542	25280	25131	24759	25624	26090	4858080	4533976	1981512	6782288	5867744	6013208	6621744	5864960	5830392	5744088	5944768	6052880	421	382	297	291	572	594	284	590	562	560	548	565
2	1100	1137	47	83621736	135637	48	48		48	232.0	19559	18300	4876	27784	23723	24338	27607	23640	23561	23168	24005	24442	4537688	4245600	1131232	6445888	5503736	5646416	6404824	5484480	5466152	5374976	5569160	5670544	226	226	157	99	294	293	123	289	296	292	292	289
2	1110	1153	49	83796840	17510	50	50		50	232.0	22251	20899	6164	30714	27260	27994	31003	27226	27081	26656	27511	27864	5162232	4848568	1430048	7125648	6324320	6494608	7192696	6316432	6282792	6184192	6382552	6464448	473	442	315	146	597	295	264	297	606	589	597	587
2	1120	1153	49	83796840	0	50	50		50	232.0	25387	24095	8557	30778	31627	32368	31035	31551	31476	31012	31897	31895	5889784	5590040	1985224	7140496	7337464	7509376	7200120	7319832	7302432	7194784	7400104	7399640	231	226	154	93	327	638	16	627	313	327	326	327
2	1130	1153	49	83796840	0	50	50		50	232.0	28159	27648	11073	30778	32319	32826	31035	32750	31595	31579	32718	31895	6532888	6414336	2568936	7140496	7498008	7615632	7200120	7598000	7330040	7326328	7590576	7399640	421	507	349	0	241	167	0	256	209	225	268	143
2	1140	1153	49	83796840	0	50	50		50	232.0	30939	30419	13625	30778	32319	32826	31035	32750	31595	31579	32718	31895	7177848	7057208	3161000	7140496	7498008	7615632	7200120	7598000	7330040	7326328	7590576	7399640	195	194	179	0	0	0	0	0	0	0	0	0
2	1150	1153	49	83796840	0	50	50		50	232.0	31978	32098	16129	30778	32319	32826	31035	32750	31595	31579	32718	31895	7418896	7446736	3741928	7140496	7498008	7615632	7200120	7598000	7330040	7326328	7590576	7399640	197	193	180	0	0	0	0	0	0	0	0	0
2	1160	1198	50	86875524	307870	51	51		51	232.0	20002	27811	10054	19672	20648	21149	30565	21028	22040	20067	21070	20233	4640464	6452152	2332528	4563904	4790336	4906568	7091080	4878496	5113280	4655544	4888240	4694056	60	92	315	73	115	166	41	146	90	134	103	110
2	1170	1198	50	86875524	0	51	51		51	232.0	23981	30217	12480	26044	25503	26003	31005	25844	26903	24937	25932	25099	5563592	7010344	2895360	6042208	5916696	6032696	7193160	5995808	6241496	5785384	6016224	5822968	278	168	169	170	341	341	56	337	339	341	341	341
2	1180	1198	50	86875524	0	51	51		51	232.0	27960	31005	15071	32255	30354	30857	31005	30666	31763	29779	30796	29961	6486720	7193160	3496472	7483160	7042128	7158824	7193160	7114512	7369016	6908728	7144672	6950952	559	208	357	170	683	340	0	339	682	684	683	683
2	1190	1198	50	86875524	0	51	51		51	232.0	31957	31523	17493	32255	33841	33882	31005	33766	32838	34178	34422	33278	7414024	7313336	4058376	7483160	7851112	7860624	7193160	7833712	7618416	7929296	7985904	7720496	279	0	170	158	311	610	0	630	153	322	311	317
2	1200	1241	51	90041988	316581	52	52		52	232.0	32951	32391	19334	32255	33841	33882	31005	33766	32838	34245	34422	33278	7644632	7514712	4485488	7483160	7851112	7860624	7193160	7833712	7618416	7944840	7985904	7720496	278	139	321	0	53	0	0	0	0	136	83	37
2	1210	1241	51	90041988	0	54	52		54	232.0	33053	32386	21728	32276	33850	33951	30953	33791	32863	34213	34449	33314	7668296	7513552	5040896	7488032	7853200	7876632	7181096	7839512	7624216	7937416	7992168	7728848	49	38	169	15	40	45	13	41	41	35	41	42
3	1220	1255	53	93296004	325402	55	54	1	55	232.0	20782	19672	9146	26109	22120	22194	20271	22150	21301	24545	22707	21602	4821424	4563904	2121872	6057288	5131840	5149008	4702872	5138800	4941832	5694440	5268024	5011664	19	10	129	12	29	53	23	53	29	29	20	26
3	1230	1255	53	93296004	0	56	54	1	56	232.0	24292	22448	11571	31787	26871	27155	26519	26958	25548	33117	27766	26607	5635744	5207936	2684472	7374584	6234072	6299960	6152408	6254256	5927136	7683144	6441712	6172824	462	364	307	318	657	691	330	680	608	659	673	671
3	1240	1277	55	96462240	316622	57	56	1	57	232.0	23585	11673	7030	30829	17976	18314	17709	17897	14957	23840	18544	17889	5471720	2708136	1630960	7152328	4170432	4248848	4108488	4152104	3470024	5530880	4302208	4150248	171	170	123	13	306	335	129	312	207	113	297	322
3	1250	1277	55	96462240	0	57	56	1	57	232.0	26021	15621	9656	31615	23439	23766	24064	23357	20305	31670	24018	23359	6036872	3624072	2240192	7334680	5437848	5513712	5582848	5418824	4710760	7347440	5572176	5419288	340	554	341	115	402	392	340	383	685	310	774	799
3	1260	1277	55	96462240	0	57	56	1	57	232.0	28449	19512	13609	31615	28941	29263	31090	28887	25818	32445	29526	28865	6600168	4526784	3157288	7334680	6714312	6789016	7212880	6701784	5989776	7527240	6850032	6696680	170	278	275	0	771	773	192	776	387	308	387	387
3	1270	1308	56	97663800	120156	58	57	1	58	232.0	25305	17279	11625	28741	28370	28693	29708	28324	25445	29850	28885	28216	5870760	4008728	2697000	6667912	6581840	6656776	6892256	6571168	5903240	6925200	6701320	6546112	310	269	490	0	374	321	197	333	381	0	367	363
3	1280	1308	56	97663800	0	58	57	1	58	232.0	27952	20234	15103	32587	33266	33418	32653	32860	31390	32095	33204	33034	6484864	4694288	3503896	7560184	7717712	7752976	7575496	7623520	7282480	7446040	7703328	7663888	191	393	246	316	745	724	273	714	772	275	700	747
3	1290	1308	56	97663800	0	58	57	1	58	232.0	30549	23563	18085	32587	33266	33418	32653	32860	33228	32095	33204	33034	7087368	5466616	4195720	7560184	7717712	7752976	7575496	7623520	7708896	7446040	7703328	7663888	178	220	224	0	0	0	0	0	310	0	0	0
3	1300	1340	57	100830264	316648	59	58	1	59	232.0	28091	18007	15982	28460	25300	25397	25066	24881	25397	26598	25451	25198	6517112	4177624	3707824	6602720	5869600	5892104	5815312	5772392	5892104	6170736	5904632	5845936	345	444	395	27	23	0	15	0	0	35	30	29
3	1310	1340	57	100830264	0	59	58	1	59	232.0	31024	22050	19052	32524	31612	31745	32869	31202	31385	31759	31803	31555	7197568	5115600	4420064	7545568	7333984	7364840	7625608	7238864	7281320	7368088	7378296	7320760	170	273	197	213	442	529	275	514	438	314	446	446
3	1320	1358	58	103996728	316646	60	59	1	60	232.0	23387	15719	11138	25708	25065	24969	24509	24533	24757	31759	24877	24632	5425784	3646808	2584016	5964256	5815080	5792808	5686088	5691656	5743624	7368088	5771464	5714624	362	522	409	0	450	357	163	383	638	0	426	411
3	1330	1372	59	107163192	316615	61	60	1	61	232.0	26322	19933	7141	31239	30671	30585	30823	29941	30311	31759	30356	30141	6106704	4624456	1656712	7247448	7115672	7095720	7150936	6946312	7032152	7368088	7042592	6992712	220	338	216	274	674	710	318	716	446	0	668	681
3	1340	1372	59	107163192	0	61	60	1	61	232.0	22319	17790	10060	31484	29576	29528	31641	28868	29188	31759	29481	29274	5178008	4127280	2333920	7304288	6861632	6850496	7340712	6697376	6771616	7368088	6839592	6791568	415	248	386	243	356	391	143	353	347	0	364	367
3	1350	1372	59	107163192	0	61	60	1	61	232.0	25222	21723	13593	32189	33750	33912	31641	33289	33563	31759	33687	33094	5851504	5039736	3153576	7467848	7830000	7867584	7340712	7723048	7786616	7368088	7815384	7677808	205	567	248	192	758	717	177	732	819	0	770	726
3	1360	1372	59	107163192	0	61	60	1	61	232.0	27761	25793	16714	32189	33750	33912	31641	33289	33563	31759	33687	33094	6440552	5983976	3877648	7467848	7830000	7867584	7340712	7723048	7786616	7368088	7815384	7677808	187	284	242	0	0	0	0	0	0	0	0	0
3	1370	1372	59	107163192	0	61	60	1	61	232.0	30228	29759	19721	32189	33750	33912	31641	33289	33563	31759	33687	33094	7012896	6904088	4575272	7467848	7830000	7867584	7340712	7723048	7786616	7368088	7815384	7677808	350	565	418	0	0	0	0	0	0	0	0	0
3	1380	1417	60	110329656	316648	62	61	1	62	232.0	25832	28137	17404	28201	28889	29034	31635	28599	29167	31759	28868	28399	5993024	6527784	4037728	6542632	6702248	6735888	7339320	6634968	6766744	7368088	6697376	6588568	153	196	181	30	8	61	0	76	0	0	3	22
3	1390	1428	61	113496120	316646	65	64	1	65	232.0	20715	16094	12571	22487	18656	17945	18996	18171	18907	31759	18708	18297	4805880	3733808	2916472	5216984	4328192	4163240	4407072	4215672	4386424	7368088	4340256	4244904	325	315	187	228	378	338	31	353	412	0	379	374
3	1400	1433	62	113583672	8755	65	64	1	65	232.0	23088	20160	13712	27781	23287	22602	26473	23137	23926	31759	24308	24123	5356416	4677120	3181184	6445192	5402584	5243664	6141736	5367784	5550832	7368088	5639456	5596536	160	307	74	215	550	514	390	590	564	0	631	651
3	1410	1433	62	113583672	0	65	64	1	65	232.0	25992	24414	15195	31654	29077	28414	31103	28904	29725	31759	30030	29609	6030144	5664048	3525240	7343728	6745864	6592048	7215896	6705728	6896200	7368088	6966960	6869288	205	299	108	142	404	407	302	405	402	0	472	455
3	1420	1433	62	113583672	0	65	64	1	65	232.0	28449	28189	16724	31654	32876	31692	31103	33188	33618	31759	32195	31425	6600168	6539848	3879968	7343728	7627232	7352544	7215896	7699616	7799376	7368088	7469240	7290600	373	563	204	17	672	409	53	667	726	0	465	430
3	1430	1433	62	113583672	0	65	64	1	65	232.0	31053	31496	18459	31654	32876	31692	31103	33188	33618	31759	32195	31425	7204296	7307072	4282488	7343728	7627232	7352544	7215896	7699616	7799376	7368088	7469240	7290600	178	242	122	0	0	147	0	0	0	0	0	0
3	1440	1483	63	116662356	307867	66	65	1	66	232.0	31286	31604	19873	31654	32876	31692	31103	33188	33618	31759	32195	31425	7258352	7332128	4610536	7343728	7627232	7352544	7215896	7699616	7799376	7368088	7469240	7290600	176	181	219	0	0	0	0	0	0	0	0	0
3	1450	1483	63	116662356	0	66	65	1	66	232.0	30492	21412	17498	31833	27216	26944	24517	27193	26316	31759	26658	26422	7074144	4967584	4059536	7385256	6314112	6251008	5687944	6308776	6105312	7368088	6184656	6129904	102	175	77	105	311	394	203	362	304	0	275	280
3	1460	1483	63	116662356	0	66	65	1	66	232.0	31771	25029	18732	31833	32066	31794	31839	32046	31143	31759	31500	31274	7370872	5806728	4345824	7385256	7439312	7376208	7386648	7434672	7225176	7368088	7308000	7255568	260	513	174	0	339	341	254	340	340	0	342	342
3	1470	1483	63	116662356	0	66	65	1	66	232.0	31771	28810	20523	31833	33984	32697	31905	34020	34152	31759	33069	32442	7370872	6683920	4761336	7385256	7884288	7585704	7401960	7892640	7923264	7368088	7672008	7526544	0	262	98	0	476	321	218	437	622	0	445	406
3	1480	1483	63	116662356	0	66	65	1	66	232.0	31771	31874	23097	31833	33984	32697	31905	34020	34152	31759	33069	32442	7370872	7394768	5358504	7385256	7884288	7585704	7401960	7892640	7923264	7368088	7672008	7526544	0	270	170	0	0	0	0	0	0	0	0	0
3	1490	1483	63	116662356	0	66	65	1	66	232.0	31771	31874	25532	31833	33984	32697	31905	34020	34152	31759	33069	32442	7370872	7394768	5923424	7385256	7884288	7585704	7401960	7892640	7923264	7368088	7672008	7526544	0	156	356	0	0	0	0	0	0	0	0	0
3	1500	1483	63	116662356	0	66	65	1	66	232.0	31771	31874	27967	31833	33984	32697	31905	34020	34152	31759	33069	32442	7370872	7394768	6488344	7385256	7884288	7585704	7401960	7892640	7923264	7368088	7672008	7526544	0	0	170	0	0	0	0	0	0	0	0	0
3	1510	1548	64	119828820	316646	67	66	1	67	232.0	31772	31891	29651	31815	33972	32711	31899	34037	34255	31759	33093	32457	7371104	7398712	6879032	7381080	7881504	7588952	7400568	7896584	7947160	7368088	7677576	7530024	16	40	306	0	0	0	17	0	49	0	0	0
3	1520	1548	64	119828820	0	67	66	1	67	232.0	31772	31891	29828	31815	33972	32711	31899	34037	34255	31759	33093	32457	7371104	7398712	6920096	7381080	7881504	7588952	7400568	7896584	7947160	7368088	7677576	7530024	0	0	59	17	37	40	0	40	0	0	41	40
3	1530	1568	66	123082836	325403	69	68	1	69	232.0	21761	21203	17247	27616	22451	21367	26029	22535	22799	31759	21704	21016	5048552	4919096	4001304	6406912	5208632	4957144	6038728	5228120	5289368	7368088	5035328	4875712	119	0	136	20	37	64	10	51	23	0	32	36
3	1540	1580	67	126161520	307868	70	69	1	70	232.0	13020	12138	6035	19146	13302	12226	21868	13326	13576	31759	12443	11791	3020640	2816016	1400120	4441872	3086064	2836432	5073376	3091632	3149632	7368088	2886776	2735512	152	464	169	273	585	628	282	610	562	0	583	582
3	1550	1580	67	126161520	0	70	69	1	70	232.0	16664	15871	8472	25515	18132	17068	28084	18165	18418	31759	17285	16627	3866048	3682072	1965504	5919480	4206624	3959776	6515488	4214280	4272976	7368088	4010120	3857464	205	260	159	169	338	339	123	340	337	0	340	339
3	1560	1580	67	126161520	0	70	69	1	70	232.0	19880	19672	10939	31892	22988	21914	32836	22977	23266	31759	22147	21479	4612160	4563904	2537848	7398944	5333216	5084048	7617952	5330664	5397712	7368088	5138104	4983128	492	522	342	341	682	340	306	341	681	0	683	681
3	1570	1614	69	129415536	325401	72	71	1	72	232.0	19092	19825	10038	30915	23812	22732	31293	23914	24092	31759	23025	22287	4429344	4599400	2328816	7172280	5524384	5273824	7259976	5548048	5589344	7368088	5341800	5170584	182	252	159	29	262	602	0	601	275	0	264	261
3	1580	1614	69	129415536	0	72	71	1	72	232.0	21247	22562	11757	32423	27718	26648	32414	27776	27878	31759	26809	26103	4929304	5234384	2727624	7522136	6430576	6182336	7520048	6444032	6467696	7368088	6219688	6055896	321	423	290	116	260	266	95	269	582	0	255	256
3	1590	1614	69	129415536	0	72	71	1	72	232.0	24073	26221	14187	32423	31870	31122	32414	31968	32198	31759	31296	30775	5584936	6083272	3291384	7522136	7393840	7220304	7520048	7416576	7469936	7368088	7260672	7139800	200	257	170	10	633	656	19	628	315	0	669	684
3	1600	1614	69	129415536	0	72	71	1	72	232.0	26851	29897	16622	32423	34977	34969	32414	34097	34786	31759	34761	33928	6229432	6936104	3856304	7522136	8114664	8112808	7520048	7910504	8070352	7368088	8064552	7871296	390	257	341	0	281	279	0	266	279	0	279	279
3	1610	1614	69	129415536	0	72	71	1	72	232.0	29640	33346	19065	32423	34977	34969	32414	34097	34786	31759	34761	33928	6876480	7736272	4423080	7522136	8114664	8112808	7520048	7910504	8070352	7368088	8064552	7871296	196	513	171	0	122	153	0	0	101	0	162	129
3	1620	1660	70	132494220	307868	73	72	1	73	232.0	18757	26590	10899	19985	22059	22057	29828	21267	21967	31759	21965	21277	4351624	6168880	2528568	4636520	5117688	5117224	6920096	4933944	5096344	7368088	5095880	4936264	196	81	171	0	0	0	0	0	0	0	0	0
3	1630	1660	70	132494220	0	73	72	1	73	232.0	22726	29014	13329	26358	26042	26042	32522	24875	25941	31759	25950	25351	5272432	6731248	3092328	6115056	6041744	6041744	7545104	5771000	6018312	7368088	6020400	5881432	465	231	301	117	451	216	130	219	428	0	458	484
3	1640	1660	70	132494220	0	73	72	1	73	232.0	26684	31454	15912	32761	30042	30036	32522	28477	29940	31759	29949	29342	6190688	7297328	3691584	7600552	6969744	6968352	7545104	6606664	6946080	7368088	6948168	6807344	280	171	185	341	281	561	0	482	281	0	282	280
3	1650	1690	71	135660684	316645	75	73	2	75	232.0	21670	25578	10807	27033	25893	25927	25703	24540	26027	31759	25784	25295	5027440	5934096	2507224	6271656	6007176	6015064	5963096	5693280	6038264	7368088	5981888	5868440	404	223	309	120	280	281	0	281	281	0	281	281
3	1660	1690	71	135660684	0	75	73	2	75	232.0	24774	27964	13271	33342	30696	30748	32035	29347	30734	31759	30542	30085	5747568	6487648	3078872	7735344	7121472	7133536	7432120	6808504	7130288	7368088	7085744	6979720	194	162	157	199	523	535	183	552	528	0	514	529
3	1670	1712	72	138827148	316646	76	74	2	76	232.0	27594	30229	8580	33773	34653	34687	33329	33605	34717	31759	34615	34330	6401808	7013128	1990560	7835336	8039496	8047384	7732328	7796360	8054344	7368088	8030680	7964560	222	174	316	60	342	341	116	341	338	0	339	341
3	1680	1717	74	139002252	17510	78	76	2	78	232.0	22603	24650	9853	30197	29926	29933	29823	29558	29849	31759	29891	29680	5243896	5718800	2285896	7005704	6942832	6944456	6918936	6857456	6924968	7368088	6934712	6885760	333	277	129	145	395	144	121	228	405	0	421	438
3	1690	1729	75	142080936	307870	79	77	2	79	232.0	12383	22838	7437	20089	19642	19621	27406	19472	19610	31759	19577	19398	2872856	5298416	1725384	4660648	4556944	4552072	6358192	4517504	4549520	7368088	4541864	4500336	278	179	175	100	249	455	144	486	254	0	238	245
3	1700	1742	76	145247400	316646	80	78	2	80	232.0	9273	11166	110	25830	10222	10203	18521	10029	10189	31759	10058	9940	2151336	2590512	25520	5992560	2371504	2367096	4296872	2326728	2363848	7368088	2333456	2306080	551	286	276	130	269	309	230	321	560	0	272	269
3	1710	1746	77	145330392	8299	81	79	2	81	232.0	13655	13178	2144	26053	14606	14573	24320	14369	14529	31759	14413	14310	3167960	3057296	497408	6044296	3388592	3380936	5642240	3333608	3370728	7368088	3343816	3319920	297	156	130	315	633	632	153	627	326	0	625	628
3	1720	1746	77	145330392	0	81	79	2	81	232.0	17325	16000	4646	32373	19442	19404	30668	19205	19323	31759	19212	19142	4019400	3712000	1077872	7510536	4510544	4501728	7114976	4455560	4482936	7368088	4457184	4440944	572	379	348	169	340	340	169	339	337	0	336	340
3	1730	1746	77	145330392	0	81	79	2	81	232.0	20972	18763	7084	32915	23982	23899	33007	23782	23684	31759	23637	23627	4865504	4353016	1643488	7636280	5563824	5544568	7657624	5517424	5494688	7368088	5483784	5481464	254	195	170	151	664	649	244	659	650	0	651	659
3	1740	1781	79	145505496	17510	83	81	2	83	232.0	22574	20060	8025	32915	26539	26514	33007	26486	25707	31759	26226	26233	5237168	4653920	1861800	7636280	6157048	6151248	7657624	6144752	5964024	7368088	6084432	6086056	256	192	270	0	261	227	0	218	272	0	252	257
3	1750	1781	79	145505496	0	84	82	2	84	232.0	26192	22810	10354	32933	29683	29591	33141	29585	29561	31759	29262	28786	6076544	5291920	2402128	7640456	6886456	6865112	7688712	6863720	6858152	7368088	6788784	6678352	389	319	170	30	437	194	34	214	445	0	435	403
3	1760	1803	82	147416592	191109	86	84	2	86	232.0	20979	16471	3986	32933	25202	25184	29014	25325	25116	31759	24861	24059	4867128	3821272	924752	7640456	5846864	5842688	6731248	5875400	5826912	7368088	5767752	5581688	198	138	137	0	230	530	71	540	237	0	246	217
3	1770	1803	82	147416592	0	86	84	2	86	232.0	23208	19213	6389	32933	28785	28728	32679	28840	28625	31759	28387	27738	5384256	4457416	1482248	7640456	6678120	6664896	7581528	6690880	6641000	7368088	6585784	6435216	391	369	320	0	278	265	246	265	543	0	272	282
3	1780	1821	84	150582828	316623	88	86	2	88	232.0	19961	7512	2500	32933	18062	18000	19046	18036	17804	31759	17549	15934	4630952	1742784	580000	7640456	4190384	4176000	4418672	4184352	4130528	7368088	4071368	3696688	173	184	171	0	488	481	0	469	220	0	475	405
3	1790	1821	84	150582828	0	88	86	2	88	232.0	21415	11491	4928	32933	21577	21531	25429	21558	21416	31759	21251	20276	4968280	2665912	1143296	7640456	5005864	4995192	5899528	5001456	4968512	7368088	4930232	4704032	221	463	260	0	277	272	107	274	265	0	293	293
3	1800	1821	84	150582828	0	88	86	2	88	232.0	22827	15460	7358	32933	25471	25424	31808	24572	24440	31759	24268	23285	5295864	3586720	1707056	7640456	5909272	5898368	7379456	5700704	5670080	7368088	5630176	5402120	100	278	170	0	500	233	341	424	433	0	425	462
3	1810	1821	84	150582828	0	88	86	2	88	232.0	23772	19357	9778	32933	29468	29420	33956	27589	27437	31759	27284	26283	5515104	4490824	2268496	7640456	6836576	6825440	7877792	6400648	6365384	7368088	6329888	6097656	100	272	340	0	281	560	130	212	211	0	213	211
