2.7471609999999984, 3.45e-4
2.765732, 6.9e-4
2.7772989999999993, 1.035e-3
2.7869019999999978, 1.38e-3
2.793633, 1.725e-3
2.7986530000000016, 2.07e-3
2.8016719999999964, 2.415e-3
2.8202039999999897, 2.76e-3
2.8291889999999853, 3.105e-3
2.8361349999999987, 3.45e-3
2.8380650000000003, 3.795e-3
2.8530250000000024, 4.14e-3
2.8533740000000023, 4.485e-3
2.865427000000011, 4.83e-3
2.8814179999999965, 5.175e-3
2.885374000000013, 5.52e-3
2.894784999999999, 5.865e-3
2.9041110000000003, 6.21e-3
2.9061829999999986, 6.555e-3
2.911403000000007, 6.9e-3
2.9144840000000016, 7.245e-3
2.915083999999993, 7.59e-3
2.91675699999999, 7.935e-3
2.920961, 8.28e-3
2.922145999999998, 8.625e-3
2.925219999999996, 8.97e-3
2.9254940000000005, 9.315e-3
2.927901999999989, 9.66e-3
2.9298160000000024, 1.0005e-2
2.9339339999999936, 1.035e-2
2.9345870000000005, 1.0695e-2
2.9354270000000042, 1.104e-2
2.9364630000000034, 1.1385e-2
2.941321000000002, 1.173e-2
2.9414960000000008, 1.2075e-2
2.9427259999999933, 1.242e-2
2.960913000000005, 1.2765e-2
2.9680449999999894, 1.311e-2
2.9752670000000023, 1.3455e-2
2.9835809999999867, 1.38e-2
2.9876020000000096, 1.4145e-2
2.9877929999999964, 1.449e-2
2.9901119999999963, 1.4835e-2
2.9903659999999945, 1.518e-2
2.990983, 1.5525e-2
2.9928570000000008, 1.587e-2
2.993781999999996, 1.6215e-2
2.9938459999999907, 1.656e-2
2.9948339999999973, 1.6905e-2
2.9986360000000047, 1.725e-2
2.9990769999999998, 1.7595e-2
2.9994959999999935, 1.794e-2
3.0012960000000035, 1.8285e-2
3.002908999999999, 1.863e-2
3.006545999999986, 1.8975e-2
3.0099850000000004, 1.932e-2
3.011837000000014, 1.9665e-2
3.012186000000014, 2.001e-2
3.013175999999987, 2.0355e-2
3.0147889999999933, 2.07e-2
3.014904999999999, 2.1045e-2
3.01627400000001, 2.139e-2
3.0172739999999862, 2.1735e-2
3.0173810000000003, 2.208e-2
3.0182219999999997, 2.2425e-2
3.021566000000007, 2.277e-2
3.0217699999999965, 2.3115e-2
3.0234489999999994, 2.346e-2
3.027460999999988, 2.3805e-2
3.0283960000000008, 2.415e-2
3.034639999999996, 2.4495e-2
3.0361619999999903, 2.484e-2
3.0362580000000037, 2.5185e-2
3.037571, 2.553e-2
3.039139000000006, 2.5875e-2
3.043132, 2.622e-2
3.043436, 2.6565e-2
3.0445199999999986, 2.691e-2
3.045449000000005, 2.7255e-2
3.0478019999999972, 2.76e-2
3.0491909999999933, 2.7945e-2
3.0496860000000083, 2.829e-2
3.0511510000000044, 2.8635e-2
3.0530630000000087, 2.898e-2
3.0601609999999937, 2.9325e-2
3.0604379999999978, 2.967e-2
3.061380000000014, 3.0015e-2
3.0622340000000037, 3.036e-2
3.062673999999987, 3.0705e-2
3.0634080000000026, 3.105e-2
3.064492999999999, 3.1395e-2
3.0659509999999983, 3.174e-2
3.066574000000003, 3.2085e-2
3.0683380000000113, 3.243e-2
3.070253000000008, 3.2775e-2
3.0708330000000004, 3.312e-2
3.0730140000000006, 3.3465e-2
3.076463000000004, 3.381e-2
3.076841999999999, 3.4155e-2
3.0771660000000054, 3.45e-2
3.0773900000000083, 3.4845e-2
3.0799909999999997, 3.519e-2
3.0833489999999983, 3.5535e-2
3.084434999999999, 3.588e-2
3.0845060000000046, 3.6225e-2
3.0886939999999967, 3.657e-2
3.092097999999993, 3.6915e-2
3.0937549999999874, 3.726e-2
3.093836000000003, 3.7605e-2
3.0949099999999987, 3.795e-2
3.0978159999999946, 3.8295e-2
3.0978410000000025, 3.864e-2
3.0987719999999968, 3.8985e-2
3.099927000000008, 3.933e-2
3.0999690000000015, 3.9675e-2
3.1012249999999995, 4.002e-2
3.103275999999994, 4.0365e-2
3.103371999999993, 4.071e-2
3.1048370000000034, 4.1055e-2
3.1053479999999922, 4.14e-2
3.1064369999999997, 4.1745e-2
3.106788999999992, 4.209e-2
3.107040000000012, 4.2435e-2
3.10863599999999, 4.278e-2
3.109275999999994, 4.3125e-2
3.1110470000000134, 4.347e-2
3.112171999999987, 4.3815e-2
3.112438000000001, 4.416e-2
3.1130290000000116, 4.4505e-2
3.113168999999999, 4.485e-2
3.114958999999999, 4.5195e-2
3.1154460000000057, 4.554e-2
3.115479999999991, 4.5885e-2
3.1179750000000013, 4.623e-2
3.1183379999999943, 4.6575e-2
3.1184089999999998, 4.692e-2
3.1184649999999863, 4.7265e-2
3.1185429999999883, 4.761e-2
3.1190300000000093, 4.7955e-2
3.119966000000005, 4.83e-2
3.123274000000009, 4.8645e-2
3.125150999999999, 4.899e-2
3.126076999999995, 4.9335e-2
3.127740999999986, 4.968e-2
3.128401999999994, 5.0025e-2
3.1315979999999968, 5.037e-2
3.131653, 5.0715e-2
3.1333410000000015, 5.106e-2
3.133402999999987, 5.1405e-2
3.1336820000000003, 5.175e-2
3.134118000000001, 5.2095e-2
3.1351949999999995, 5.244e-2
3.1366800000000126, 5.2785e-2
3.1376980000000003, 5.313e-2
3.1404119999999978, 5.3475e-2
3.1432420000000008, 5.382e-2
3.1440780000000075, 5.4165e-2
3.1491549999999933, 5.451e-2
3.1498359999999934, 5.4855e-2
3.150192000000004, 5.52e-2
3.1512290000000007, 5.5545e-2
3.1531650000000013, 5.589e-2
3.156491999999986, 5.6235e-2
3.157104000000004, 5.658e-2
3.1580179999999984, 5.6925e-2
3.158881000000008, 5.727e-2
3.15926300000001, 5.7615e-2
3.1601679999999988, 5.796e-2
3.161889000000002, 5.8305e-2
3.162405000000007, 5.865e-2
3.162567000000003, 5.8995e-2
3.1625820000000004, 5.934e-2
3.1626619999999974, 5.9685e-2
3.1633329999999944, 6.003e-2
3.1637009999999997, 6.0375e-2
3.163802000000004, 6.072e-2
3.1642960000000073, 6.1065e-2
3.1648169999999993, 6.1755e-2
3.1654670000000067, 6.21e-2
3.165582999999998, 6.2445e-2
3.166214999999994, 6.279e-2
3.166922999999997, 6.3135e-2
3.1674129999999963, 6.348e-2
3.168868, 6.3825e-2
3.169384000000008, 6.417e-2
3.171069999999986, 6.4515e-2
3.1716830000000016, 6.486e-2
3.173877000000001, 6.5205e-2
3.1738770000000045, 6.555e-2
3.1744350000000026, 6.5895e-2
3.1756020000000014, 6.624e-2
3.1759250000000065, 6.6585e-2
3.1759839999999997, 6.693e-2
3.176940000000002, 6.7275e-2
3.1786590000000103, 6.762e-2
3.178877, 6.7965e-2
3.1802399999999977, 6.831e-2
3.1814469999999915, 6.8655e-2
3.181461000000013, 6.9e-2
3.1816049999999905, 6.9345e-2
3.1821199999999976, 6.969e-2
3.1826660000000118, 7.0035e-2
3.183593000000002, 7.038e-2
3.184053000000006, 7.0725e-2
3.1858469999999954, 7.107e-2
3.186245999999997, 7.1415e-2
3.1872400000000027, 7.176e-2
3.1880979999999965, 7.2105e-2
3.1886910000000057, 7.245e-2
3.189222000000001, 7.2795e-2
3.18942899999999, 7.314e-2
3.1896210000000025, 7.3485e-2
3.1897890000000046, 7.383e-2
3.190415999999999, 7.4175e-2
3.1907099999999957, 7.452e-2
3.1910950000000042, 7.4865e-2
3.1919980000000123, 7.521e-2
3.192801000000003, 7.5555e-2
3.1939880000000045, 7.59e-2
3.194664000000003, 7.6245e-2
3.196501000000012, 7.659e-2
3.1999600000000044, 7.6935e-2
3.200234000000002, 7.728e-2
3.200623, 7.7625e-2
3.201127000000014, 7.797e-2
3.201355999999997, 7.8315e-2
3.2016940000000034, 7.866e-2
3.2025119999999987, 7.9005e-2
3.2034480000000087, 7.935e-2
3.2049870000000027, 7.9695e-2
3.208240999999987, 8.004e-2
3.209845999999999, 8.0385e-2
3.2108949999999936, 8.073e-2
3.210927999999999, 8.1075e-2
3.2113219999999956, 8.142e-2
3.211997999999994, 8.1765e-2
3.2122050000000115, 8.211e-2
3.215593999999996, 8.2455e-2
3.215933000000007, 8.28e-2
3.217390999999992, 8.3145e-2
3.2174729999999983, 8.349e-2
3.219178999999997, 8.3835e-2
3.221172999999993, 8.418e-2
3.2222779999999887, 8.4525e-2
3.2226110000000006, 8.487e-2
3.222666000000004, 8.5215e-2
3.223441000000001, 8.556e-2
3.2242339999999956, 8.5905e-2
3.2247509999999977, 8.625e-2
3.2297949999999958, 8.6595e-2
3.2306659999999994, 8.694e-2
3.2323339999999945, 8.7285e-2
3.2329300000000103, 8.763e-2
3.232998000000002, 8.7975e-2
3.233418999999998, 8.832e-2
3.2336449999999957, 8.8665e-2
3.233684000000011, 8.901e-2
3.234207999999999, 8.9355e-2
3.2348479999999995, 8.97e-2
3.2359189999999955, 9.0045e-2
3.2380640000000014, 9.039e-2
3.238084999999998, 9.0735e-2
3.240077999999997, 9.108e-2
3.240431000000001, 9.1425e-2
3.241138999999997, 9.177e-2
3.2411960000000004, 9.2115e-2
3.241430000000001, 9.246e-2
3.24185700000001, 9.2805e-2
3.2449379999999906, 9.315e-2
3.246251000000001, 9.3495e-2
3.248776999999997, 9.384e-2
3.2494390000000024, 9.4185e-2
3.2510030000000008, 9.453e-2
3.251751999999996, 9.4875e-2
3.251780999999994, 9.522e-2
3.252648999999991, 9.5565e-2
3.2532799999999966, 9.591e-2
3.2536620000000056, 9.6255e-2
3.25384600000001, 9.66e-2
3.2539490000000058, 9.6945e-2
3.2543330000000026, 9.729e-2
3.256131999999994, 9.7635e-2
3.256465999999989, 9.798e-2
3.256678000000001, 9.8325e-2
3.2582229999999868, 9.867e-2
3.258614999999992, 9.9015e-2
3.259465000000006, 9.936e-2
3.2603719999999896, 9.9705e-2
3.2609010000000005, 0.10005
3.2636950000000127, 0.100395
3.2649420000000013, 0.10074
3.2652280000000076, 0.101085
3.265917999999999, 0.10143
3.2662440000000004, 0.101775
3.267095000000012, 0.10212
3.2671589999999995, 0.102465
3.267179999999996, 0.10281
3.267333000000008, 0.103155
3.269835999999998, 0.1035
3.269964999999999, 0.103845
3.2710419999999942, 0.10419
3.2726220000000126, 0.104535
3.2728039999999936, 0.10488
3.2728780000000057, 0.105225
3.2732950000000045, 0.10557
3.274332000000001, 0.105915
3.274992999999995, 0.10626
3.2755599999999987, 0.106605
3.2760100000000136, 0.10695
3.2762950000000046, 0.107295
3.277832999999987, 0.10764
3.2780109999999922, 0.107985
3.278583999999995, 0.10833
3.27981299999999, 0.108675
3.280794, 0.10902
3.2810360000000003, 0.109365
3.2830510000000004, 0.10971
3.283095000000003, 0.110055
3.283668000000006, 0.1104
3.283896999999996, 0.110745
3.286062000000001, 0.11109
3.2866190000000017, 0.111435
3.287140000000001, 0.11178
3.288583999999986, 0.112125
3.289835, 0.11247
3.290902999999986, 0.112815
3.2909950000000023, 0.11316
3.2914519999999996, 0.113505
3.292507999999998, 0.11385
3.2932819999999996, 0.114195
3.2935950000000105, 0.11454
3.2937399999999997, 0.114885
3.2937569999999994, 0.11523
3.294144999999986, 0.115575
3.2949769999999887, 0.11592
3.2951830000000015, 0.116265
3.2954310000000078, 0.11661
3.2954360000000023, 0.116955
3.295682999999997, 0.1173
3.2971139999999934, 0.117645
3.297606000000002, 0.11799
3.2976090000000227, 0.118335
3.2976460000000003, 0.11868
3.2985610000000065, 0.119025
3.299147000000005, 0.11937
3.299317000000002, 0.119715
3.299506000000008, 0.12006
3.2999550000000113, 0.120405
3.3008299999999906, 0.12075
3.301086999999999, 0.121095
3.301733000000013, 0.12144
3.3031149999999982, 0.121785
3.304287000000002, 0.12213
3.305439, 0.122475
3.3054759999999987, 0.12282
3.306044000000014, 0.123165
3.306083000000001, 0.12351
3.3061700000000087, 0.123855
3.306266999999991, 0.1242
3.307696000000007, 0.124545
3.3088979999999992, 0.12489
3.3096940000000004, 0.125235
3.3100169999999878, 0.12558
3.3104330000000033, 0.125925
3.31053, 0.12627
3.3109019999999987, 0.126615
3.311023999999975, 0.12696
3.3132809999999893, 0.127305
3.3146150000000034, 0.12765
3.314740999999998, 0.127995
3.314791000000014, 0.12834
3.315037000000004, 0.128685
3.315883999999997, 0.12903
3.3162260000000003, 0.129375
3.3178900000000056, 0.12972
3.317998999999986, 0.130065
3.3185919999999953, 0.13041
3.3190269999999984, 0.130755
3.3198989999999924, 0.1311
3.3200669999999946, 0.131445
3.3204720000000023, 0.13179
3.320601, 0.132135
3.320647000000001, 0.13248
3.320730999999995, 0.132825
3.320867, 0.13317
3.321085999999994, 0.133515
3.321325999999999, 0.13386
3.322285000000001, 0.134205
3.3252820000000014, 0.13455
3.3255629999999883, 0.134895
3.326065, 0.13524
3.3267079999999964, 0.135585
3.327409999999986, 0.13593
3.327561000000003, 0.136275
3.3287459999999953, 0.13662
3.3288029999999935, 0.136965
3.3288980000000095, 0.13731
3.329041, 0.137655
3.329207999999994, 0.138
3.329233000000002, 0.138345
3.329305000000005, 0.13869
3.3303339999999935, 0.139035
3.3308290000000014, 0.13938
3.3314300000000117, 0.139725
3.3316290000000066, 0.14007
3.332885000000001, 0.140415
3.3336810000000128, 0.14076
3.333695000000006, 0.141105
3.33385, 0.14145
3.334182999999996, 0.141795
3.33596399999999, 0.14214
3.337216999999999, 0.142485
3.3372519999999994, 0.14283
3.3382229999999993, 0.143175
3.3382799999999975, 0.14352
3.338584999999995, 0.143865
3.3389219999999966, 0.14421
3.340760000000003, 0.144555
3.3409510000000004, 0.1449
3.3413130000000137, 0.145245
3.3415180000000007, 0.14559
3.342568, 0.145935
3.3429119999999983, 0.14628
3.3429240000000107, 0.146625
3.3443029999999965, 0.14697
3.345078000000001, 0.147315
3.3452079999999995, 0.14766
3.345326, 0.148005
3.345506999999998, 0.14835
3.3458530000000053, 0.148695
3.3465339999999983, 0.14904
3.347183000000001, 0.149385
3.347655000000003, 0.14973
3.3480450000000133, 0.150075
3.3497099999999875, 0.15042
3.350925999999987, 0.150765
3.351968999999997, 0.15111
3.352138999999994, 0.151455
3.353072999999995, 0.1518
3.3535149999999874, 0.152145
3.353808000000001, 0.15249
3.354021000000003, 0.152835
3.3574959999999976, 0.15318
3.3576109999999915, 0.153525
3.3578139999999905, 0.15387
3.358694000000014, 0.154215
3.360163, 0.15456
3.3607039999999984, 0.154905
3.361469999999997, 0.15525
3.3619720000000015, 0.155595
3.362096000000008, 0.15594
3.3623619999999903, 0.156285
3.3625539999999994, 0.15663
3.3629250000000006, 0.156975
3.3630899999999997, 0.15732
3.3633419999999887, 0.157665
3.3637780000000035, 0.15801
3.3644290000000012, 0.158355
3.36524399999999, 0.1587
3.3671070000000043, 0.159045
3.368840000000006, 0.15939
3.369492000000008, 0.159735
3.369591, 0.16008
3.3698479999999975, 0.160425
3.37256, 0.16077
3.372568000000001, 0.161115
3.372659999999996, 0.16146
3.372760999999997, 0.161805
3.3733820000000065, 0.16215
3.373514, 0.162495
3.374980999999991, 0.16284
3.3750949999999875, 0.163185
3.3782580000000024, 0.16353
3.3783610000000124, 0.163875
3.378695999999998, 0.16422
3.3789130000000114, 0.164565
3.3795089999999988, 0.16491
3.381038999999987, 0.165255
3.3832820000000083, 0.1656
3.384477000000004, 0.165945
3.3845599999999934, 0.16629
3.385897, 0.166635
3.3862549999999985, 0.16698
3.386327999999992, 0.167325
3.3868559999999945, 0.16767
3.387212000000005, 0.168015
3.387428, 0.16836
3.387769999999989, 0.168705
3.388151999999991, 0.16905
3.388342999999992, 0.169395
3.388344999999987, 0.16974
3.388543999999996, 0.170085
3.389382000000012, 0.17043
3.3900520000000256, 0.170775
3.3901199999999996, 0.17112
3.390163000000001, 0.171465
3.390361000000013, 0.17181
3.391534000000007, 0.172155
3.393839, 0.1725
3.395296000000002, 0.172845
3.39540199999999, 0.17319
3.3955780000000004, 0.173535
3.396076999999991, 0.17388
3.3968010000000035, 0.174225
3.3970549999999946, 0.17457
3.397446000000002, 0.174915
3.3977470000000096, 0.17526
3.3997640000000047, 0.175605
3.399765000000002, 0.17595
3.400102000000004, 0.176295
3.400301000000013, 0.17664
3.4035049999999956, 0.176985
3.403825000000012, 0.17733
3.4054399999999987, 0.177675
3.406172999999999, 0.17802
3.406817999999987, 0.178365
3.406854999999993, 0.17871
3.4094259999999963, 0.179055
3.4094519999999875, 0.1794
3.4133130000000023, 0.179745
3.413474000000008, 0.18009
3.4134789999999953, 0.180435
3.413848999999999, 0.18078
3.414116000000007, 0.181125
3.4145479999999964, 0.18147
3.4148270000000025, 0.181815
3.4155250000000024, 0.18216
3.4166880000000006, 0.182505
3.417541, 0.18285
3.4177490000000006, 0.183195
3.4178400000000124, 0.18354
3.418038999999993, 0.183885
3.4181399999999993, 0.18423
3.418278000000001, 0.184575
3.4185000000000016, 0.18492
3.4187179999999984, 0.185265
3.4190879999999986, 0.18561
3.420043999999997, 0.185955
3.4200820000000007, 0.1863
3.420100000000005, 0.186645
3.4210549999999955, 0.18699
3.4212169999999986, 0.187335
3.421458000000001, 0.18768
3.4220180000000013, 0.188025
3.422076000000004, 0.18837
3.422401000000008, 0.188715
3.422442999999987, 0.18906
3.422796999999999, 0.189405
3.4241460000000075, 0.18975
3.424765000000008, 0.190095
3.4252460000000013, 0.19044
3.426130999999998, 0.190785
3.426963999999998, 0.19113
3.4275620000000018, 0.191475
3.4276569999999964, 0.19182
3.428755999999993, 0.192165
3.429803000000007, 0.19251
3.4302410000000023, 0.192855
3.4321549999999945, 0.1932
3.4329740000000015, 0.193545
3.43399500000001, 0.19389
3.434707000000003, 0.194235
3.4348840000000003, 0.19458
3.4350259999999935, 0.194925
3.4356089999999995, 0.19527
3.436207000000003, 0.195615
3.436485000000001, 0.19596
3.4365179999999995, 0.196305
3.4365589999999884, 0.19665
3.4367750000000115, 0.196995
3.437742, 0.19734
3.4378829999999994, 0.197685
3.439152000000007, 0.19803
3.440999000000005, 0.198375
3.4410450000000026, 0.19872
3.4422310000000067, 0.199065
3.4422479999999993, 0.19941
3.4423590000000033, 0.199755
3.442709000000008, 0.2001
3.4455579999999983, 0.200445
3.4456279999999992, 0.20079
3.4462660000000014, 0.201135
3.4464169999999967, 0.20148
3.446614000000011, 0.201825
3.446666999999991, 0.20217
3.446680999999998, 0.202515
3.4472710000000006, 0.20286
3.4478380000000044, 0.203205
3.4481910000000013, 0.20355
3.4486749999999944, 0.203895
3.449206, 0.20424
3.4504449999999984, 0.204585
3.451302999999996, 0.20493
3.4521840000000026, 0.205275
3.4528099999999995, 0.20562
3.4528329999999983, 0.205965
3.4529110000000003, 0.20631
3.4538239999999973, 0.206655
3.454386999999997, 0.207
3.4552520000000015, 0.207345
3.4555249999999944, 0.20769
3.456553999999997, 0.208035
3.4591800000000035, 0.20838
3.45924500000001, 0.208725
3.459304000000003, 0.20907
3.4593500000000006, 0.209415
3.459429, 0.20976
3.4596229999999935, 0.210105
3.4604769999999974, 0.21045
3.4607349999999997, 0.210795
3.4608749999999873, 0.21114
3.4623890000000017, 0.211485
3.4625859999999875, 0.21183
3.463768, 0.212175
3.464962000000014, 0.21252
3.465989999999998, 0.212865
3.466567999999995, 0.21321
3.4670419999999993, 0.213555
3.469122999999996, 0.2139
3.469366000000008, 0.214245
3.4706290000000024, 0.21459
3.4707209999999975, 0.214935
3.470733999999993, 0.21528
3.4707640000000026, 0.215625
3.4715340000000054, 0.21597
3.4733659999999986, 0.216315
3.473568, 0.21666
3.4751190000000065, 0.217005
3.4752340000000004, 0.21735
3.4754039999999975, 0.217695
3.4757079999999974, 0.21804
3.4761469999999974, 0.218385
3.476258999999999, 0.21873
3.4763580000000047, 0.219075
3.476393999999999, 0.21942
3.477412000000001, 0.219765
3.4774519999999995, 0.22011
3.4780820000000006, 0.220455
3.478524, 0.2208
3.4788059999999987, 0.221145
3.478836000000001, 0.22149
3.479257000000004, 0.221835
3.4793090000000007, 0.22218
3.4797430000000134, 0.222525
3.480097999999998, 0.22287
3.4808510000000012, 0.223215
3.482200000000006, 0.22356
3.482461999999998, 0.223905
3.482484999999997, 0.22425
3.482681999999997, 0.224595
3.4827980000000025, 0.22494
3.483159999999998, 0.225285
3.483556, 0.22563
3.483651000000002, 0.225975
3.486902999999998, 0.22632
3.490850000000002, 0.226665
3.4916920000000005, 0.22701
3.492362, 0.227355
3.493336999999997, 0.2277
3.493766000000001, 0.228045
3.4948380000000014, 0.22839
3.494895999999997, 0.228735
3.4952900000000113, 0.22908
3.4972480000000132, 0.229425
3.497564000000011, 0.22977
3.497833, 0.230115
3.498764999999999, 0.23046
3.499330999999998, 0.230805
3.499884999999999, 0.23115
3.5015960000000064, 0.231495
3.502236999999994, 0.23184
3.502646999999996, 0.232185
3.5029150000000016, 0.23253
3.50357, 0.232875
3.5040130000000005, 0.23322
3.5042840000000126, 0.233565
3.5050930000000022, 0.23391
3.505217, 0.234255
3.5052220000000034, 0.2346
3.5052860000000123, 0.234945
3.5057250000000124, 0.23529
3.506276999999997, 0.235635
3.507241999999998, 0.23598
3.507272999999998, 0.236325
3.5075769999999977, 0.23667
3.507959999999997, 0.237015
3.5086499999999887, 0.23736
3.509077999999988, 0.237705
3.509081000000009, 0.23805
3.509332999999998, 0.238395
3.5093370000000004, 0.23874
3.5097899999999953, 0.239085
3.510903000000013, 0.23943
3.5112270000000017, 0.239775
3.511620999999991, 0.24012
3.512011000000001, 0.240465
3.513711999999998, 0.24081
3.5148950000000028, 0.241155
3.5159249999999957, 0.2415
3.51606799999999, 0.241845
3.5162970000000087, 0.24219
3.517128000000014, 0.242535
3.5178670000000025, 0.24288
3.518129000000002, 0.243225
3.5183110000000113, 0.24357
3.5184659999999894, 0.243915
3.5185109999999895, 0.24426
3.518607000000003, 0.244605
3.518971999999998, 0.24495
3.520054000000002, 0.245295
3.520595, 0.24564
3.5209409999999934, 0.245985
3.5212899999999934, 0.24633
3.522221000000002, 0.246675
3.5225169999999935, 0.24702
3.5231559999999718, 0.247365
3.5235409999999945, 0.24771
3.5250449999999987, 0.248055
3.5256809999999916, 0.2484
3.52587299999999, 0.248745
3.526188999999988, 0.24909
3.526488999999998, 0.249435
3.527121000000001, 0.24978
3.527443000000005, 0.250125
3.5277499999999975, 0.25047
3.5278160000000014, 0.250815
3.5279940000000067, 0.25116
3.528018000000003, 0.251505
3.5283489999999915, 0.25185
3.5284750000000003, 0.252195
3.5284890000000004, 0.25254
3.5294039999999995, 0.252885
3.5296030000000087, 0.25323
3.5299300000000073, 0.253575
3.530708000000004, 0.25392
3.531741999999994, 0.254265
3.5318269999999927, 0.25461
3.5327330000000003, 0.254955
3.5327470000000005, 0.2553
3.5330089999999927, 0.255645
3.5333059999999996, 0.25599
3.533444000000003, 0.256335
3.533768000000009, 0.25668
3.5342309999999983, 0.257025
3.5361549999999937, 0.25737
3.5367880000000014, 0.257715
3.5371820000000014, 0.25806
3.53780900000001, 0.258405
3.538064999999989, 0.25875
3.5385610000000014, 0.259095
3.5402059999999977, 0.25944
3.5409739999999985, 0.259785
3.541013999999997, 0.26013
3.541386000000003, 0.260475
3.541910999999999, 0.26082
3.542597999999998, 0.261165
3.542687000000001, 0.26151
3.5427239999999927, 0.261855
3.5430360000000007, 0.2622
3.5446929999999988, 0.262545
3.546156999999994, 0.26289
3.5475450000000137, 0.263235
3.548246000000006, 0.26358
3.5486860000000036, 0.263925
3.54884100000001, 0.26427
3.5493099999999913, 0.264615
3.549311000000003, 0.26496
3.5495209999999986, 0.265305
3.550264999999996, 0.26565
3.5512819999999863, 0.265995
3.5513190000000066, 0.26634
3.5514890000000037, 0.266685
3.5516819999999996, 0.26703
3.551870000000001, 0.267375
3.5527099999999994, 0.26772
3.5528360000000134, 0.268065
3.5530379999999866, 0.26841
3.5532499999999914, 0.268755
3.554788000000002, 0.2691
3.5554290000000037, 0.269445
3.555636, 0.26979
3.5560979999999915, 0.270135
3.5561969999999974, 0.27048
3.5564799999999934, 0.270825
3.557323999999994, 0.27117
3.5574029999999937, 0.271515
3.5577169999999967, 0.27186
3.5586839999999995, 0.272205
3.5588479999999976, 0.27255
3.5597180000000037, 0.272895
3.5599180000000104, 0.27324
3.560296000000001, 0.273585
3.5603900000000124, 0.27393
3.5604049999999994, 0.274275
3.560442, 0.27462
3.561446999999987, 0.274965
3.5635500000000206, 0.27531
3.563572999999991, 0.275655
3.564288000000005, 0.276
3.565185000000014, 0.276345
3.565423999999993, 0.27669
3.5660239999999988, 0.277035
3.5665309999999977, 0.27738
3.5669119999999985, 0.277725
3.5672640000000015, 0.27807
3.567746999999997, 0.278415
3.5681670000000025, 0.27876
3.5683899999999937, 0.279105
3.5692530000000033, 0.27945
3.5695230000000038, 0.279795
3.569638999999995, 0.28014
3.5703199999999953, 0.280485
3.572135000000003, 0.28083
3.5727350000000015, 0.281175
3.57358099999999, 0.28152
3.573933000000011, 0.281865
3.5742659999999944, 0.28221
3.5751009999999894, 0.282555
3.5753929999999983, 0.2829
3.57545300000001, 0.283245
3.5759669999999915, 0.28359
3.5762909999999977, 0.283935
3.576531000000003, 0.28428
3.578078000000005, 0.284625
3.5804080000000056, 0.28497
3.5817510000000006, 0.285315
3.581816, 0.28566
3.5828070000000025, 0.286005
3.5828300000000013, 0.28635
3.5846190000000036, 0.286695
3.5848530000000096, 0.28704
3.585279, 0.287385
3.585604999999987, 0.28773
3.5859140000000025, 0.288075
3.586355000000001, 0.28842
3.5866049999999916, 0.288765
3.5867290000000054, 0.28911
3.5879089999999962, 0.289455
3.5886250000000075, 0.2898
3.589235000000002, 0.290145
3.5893039999999985, 0.29049
3.589551, 0.290835
3.5909110000000055, 0.29118
3.5912079999999946, 0.291525
3.5915620000000104, 0.29187
3.5925200000000004, 0.292215
3.593033, 0.29256
3.5930390000000045, 0.292905
3.593205999999995, 0.29325
3.594978999999995, 0.293595
3.5953989999999862, 0.29394
3.595610999999991, 0.294285
3.5961910000000046, 0.29463
3.5966060000000084, 0.294975
3.5978150000000007, 0.29532
3.598212, 0.295665
3.5987169999999935, 0.29601
3.5988399999999956, 0.296355
3.5998810000000105, 0.2967
3.60145, 0.297045
3.6027150000000034, 0.29739
3.602720000000005, 0.297735
3.6032200000000003, 0.29808
3.603901999999998, 0.298425
3.604155999999989, 0.29877
3.604418999999993, 0.299115
3.604714999999999, 0.29946
3.604744000000011, 0.299805
3.6055000000000064, 0.30015
3.608050999999989, 0.300495
3.6081590000000006, 0.30084
3.609116, 0.301185
3.6092650000000006, 0.30153
3.609444999999994, 0.301875
3.6096859999999964, 0.30222
3.6101740000000007, 0.302565
3.6107780000000105, 0.30291
3.6108270000000005, 0.303255
3.6111700000000013, 0.3036
3.6120009999999994, 0.303945
3.612056999999993, 0.30429
3.6123509999999897, 0.304635
3.6131730000000033, 0.30498
3.6135730000000024, 0.305325
3.613888000000003, 0.30567
3.6168729999999982, 0.306015
3.6179799999999886, 0.30636
3.6184270000000005, 0.306705
3.6184840000000023, 0.30705
3.6185409999999933, 0.307395
3.6185780000000136, 0.30774
3.6199589999999944, 0.308085
3.6209460000000036, 0.30843
3.6215660000000014, 0.308775
3.6217499999999916, 0.30912
3.6217670000000055, 0.309465
3.621873999999991, 0.30981
3.6226119999999966, 0.310155
3.6226920000000007, 0.3105
3.6236430000000013, 0.310845
3.624297999999996, 0.31119
3.6243609999999933, 0.311535
3.6246519999999975, 0.31188
3.6253220000000113, 0.312225
3.625423000000012, 0.31257
3.626025999999996, 0.312915
3.626070999999996, 0.31326
3.6283160000000123, 0.313605
3.628399999999999, 0.31395
3.6296509999999955, 0.314295
3.630365000000012, 0.31464
3.6305710000000033, 0.314985
3.630908000000005, 0.31533
3.633555000000001, 0.315675
3.634869000000009, 0.31602
3.6351349999999982, 0.316365
3.6352210000000014, 0.31671
3.6352660000000014, 0.317055
3.6365089999999896, 0.3174
3.6368009999999913, 0.317745
3.6371790000000033, 0.31809
3.637250999999999, 0.318435
3.638059999999996, 0.31878
3.638665000000003, 0.319125
3.6391769999999894, 0.31947
3.6393290000000036, 0.319815
3.6401389999999996, 0.32016
3.640821999999986, 0.320505
3.6408850000000257, 0.32085
3.6409280000000024, 0.321195
3.640991999999997, 0.32154
3.6424160000000256, 0.321885
3.6434759999999926, 0.32223
3.644307999999995, 0.322575
3.6447919999999954, 0.32292
3.644824, 0.323265
3.645703999999995, 0.32361
3.6465760000000103, 0.323955
3.646862999999996, 0.3243
3.6471380000000124, 0.324645
3.647344000000004, 0.32499
3.6479789999999923, 0.325335
3.648428999999993, 0.32568
3.6485570000000003, 0.326025
3.6499469999999974, 0.32637
3.650279000000012, 0.326715
3.6502800000000093, 0.32706
3.6503759999999943, 0.327405
3.650539000000009, 0.32775
3.6506820000000033, 0.328095
3.6516809999999964, 0.32844
3.6518279999999947, 0.328785
3.6522860000000037, 0.32913
3.652807999999993, 0.329475
3.652969000000013, 0.32982
3.6532320000000027, 0.330165
3.6542129999999986, 0.33051
3.655319999999989, 0.330855
3.655553999999995, 0.3312
3.656597000000005, 0.331545
3.6566860000000077, 0.33189
3.6567850000000135, 0.332235
3.6572599999999937, 0.33258
3.6573669999999936, 0.332925
3.657729, 0.33327
3.6577990000000113, 0.333615
3.657878000000011, 0.33396
3.658313000000021, 0.334305
3.6592529999999996, 0.33465
3.6595649999999864, 0.334995
3.659928000000008, 0.33534
3.660008000000005, 0.335685
3.660021999999998, 0.33603
3.660938999999999, 0.336375
3.6611230000000035, 0.33672
3.662149999999997, 0.337065
3.6626799999999946, 0.33741
3.6633239999999887, 0.337755
3.664648999999997, 0.3381
3.6646550000000104, 0.338445
3.665003000000013, 0.33879
3.665758000000011, 0.339135
3.6673059999999964, 0.33948
3.667778999999996, 0.339825
3.667796999999993, 0.34017
3.6680709999999976, 0.340515
3.6689700000000016, 0.34086
3.6695840000000004, 0.341205
3.669657000000001, 0.34155
3.6699350000000095, 0.341895
3.669963999999993, 0.34224
3.6713650000000086, 0.342585
3.671457, 0.34293
3.672955999999999, 0.343275
3.6731920000000002, 0.34362
3.673713999999997, 0.343965
3.6742279999999994, 0.34431
3.674959000000001, 0.344655
3.6750040000000013, 0.345
3.6751319999999907, 0.345345
3.6756899999999746, 0.34569
3.676240000000007, 0.346035
3.676649999999995, 0.34638
3.677937, 0.346725
3.6782320000000084, 0.34707
3.6788950000000114, 0.347415
3.679000000000002, 0.34776
3.680875999999998, 0.348105
3.6811249999999944, 0.34845
3.681457999999992, 0.348795
3.682686999999987, 0.34914
3.682752999999991, 0.349485
3.682961000000006, 0.34983
3.683037000000013, 0.350175
3.686238000000003, 0.35052
3.68824699999999, 0.350865
3.688437999999991, 0.35121
3.6886969999999977, 0.351555
3.689436999999998, 0.3519
3.68956, 0.352245
3.690204999999999, 0.35259
3.690336000000002, 0.352935
3.6903440000000103, 0.35328
3.6918469999999957, 0.353625
3.692500999999993, 0.35397
3.693826999999999, 0.354315
3.6960650000000044, 0.35466
3.6970970000000136, 0.355005
3.6972260000000006, 0.35535
3.697273999999993, 0.355695
3.697614999999999, 0.35604
3.6986399999999975, 0.356385
3.6989990000000006, 0.35673
3.7002760000000023, 0.357075
3.701823999999988, 0.35742
3.701899999999995, 0.357765
3.7020139999999913, 0.35811
3.7021940000000004, 0.358455
3.7032649999999876, 0.3588
3.7045189999999995, 0.359145
3.704554999999999, 0.35949
3.7048719999999946, 0.359835
3.7059069999999963, 0.36018
3.7061900000000065, 0.360525
3.7072789999999998, 0.36087
3.7088090000000022, 0.361215
3.709272999999996, 0.36156
3.7102979999999945, 0.361905
3.711808999999988, 0.36225
3.713351000000003, 0.362595
3.7142969999999877, 0.36294
3.7154620000000023, 0.363285
3.71613099999999, 0.36363
3.716483999999994, 0.363975
3.7164849999999987, 0.36432
3.716617999999997, 0.364665
3.7188349999999986, 0.36501
3.7189459999999883, 0.365355
3.719016999999994, 0.3657
3.7191589999999977, 0.366045
3.7197960000000023, 0.36639
3.719959000000003, 0.366735
3.7210420000000113, 0.36708
3.721160999999995, 0.367425
3.7213959999999986, 0.36777
3.721890000000002, 0.368115
3.7223979999999983, 0.36846
3.7228279999999927, 0.368805
3.723354999999998, 0.36915
3.724407999999997, 0.369495
3.724552999999986, 0.36984
3.725024999999988, 0.370185
3.726054000000005, 0.37053
3.72614999999999, 0.370875
3.72654, 0.37122
3.7269969999999972, 0.371565
3.727305000000001, 0.37191
3.7284229999999923, 0.372255
3.7324020000000004, 0.3726
3.7345420000000047, 0.372945
3.734571999999986, 0.37329
3.734656000000001, 0.373635
3.7347350000000006, 0.37398
3.7354150000000033, 0.374325
3.7359869999999944, 0.37467
3.7363240000000033, 0.375015
3.7363260000000054, 0.37536
3.738309000000001, 0.375705
3.738835999999999, 0.37605
3.739125999999999, 0.376395
3.7397359999999935, 0.37674
3.7398529999999965, 0.377085
3.7422619999999966, 0.37743
3.7424589999999966, 0.377775
3.742939, 0.37812
3.744042999999998, 0.378465
3.7446079999999995, 0.37881
3.7447370000000006, 0.379155
3.746042999999986, 0.3795
3.7465139999999906, 0.379845
3.74675400000001, 0.38019
3.7471299999999985, 0.380535
3.748449000000001, 0.38088
3.7492839999999887, 0.381225
3.749648999999998, 0.38157
3.751010000000008, 0.381915
3.751123000000007, 0.38226
3.751513999999986, 0.382605
3.751581999999999, 0.38295
3.75227000000001, 0.383295
3.7533090000000016, 0.38364
3.7543579999999963, 0.383985
3.754530999999986, 0.38433
3.754565999999997, 0.384675
3.7546580000000063, 0.38502
3.7546780000000126, 0.385365
3.7549099999999953, 0.38571
3.7556439999999895, 0.386055
3.7559889999999996, 0.3864
3.7563940000000002, 0.386745
3.7566610000000082, 0.38709
3.7567999999999984, 0.387435
3.75779399999999, 0.38778
3.758014000000003, 0.388125
3.7580150000000003, 0.38847
3.758215000000007, 0.388815
3.7585060000000112, 0.38916
3.7588169999999934, 0.389505
3.7592360000000014, 0.38985
3.7598839999999996, 0.390195
3.760695999999996, 0.39054
3.7612959999999873, 0.390885
3.762867, 0.39123
3.763611000000026, 0.391575
3.763618000000008, 0.39192
3.763942, 0.392265
3.7643830000000094, 0.39261
3.7648069999999905, 0.392955
3.7650429999999915, 0.3933
3.7652260000000126, 0.393645
3.7660450000000054, 0.39399
3.766097000000002, 0.394335
3.766682000000003, 0.39468
3.7673109999999994, 0.395025
3.7675200000000046, 0.39537
3.767584999999997, 0.395715
3.7697789999999998, 0.39606
3.769880999999998, 0.396405
3.7699990000000128, 0.39675
3.7712290000000053, 0.397095
3.7714459999999974, 0.39744
3.7714750000000095, 0.397785
3.7718200000000017, 0.39813
3.7725709999999992, 0.398475
3.7742509999999925, 0.39882
3.7748510000000124, 0.399165
3.7756669999999986, 0.39951
3.7775180000000006, 0.399855
3.777628, 0.4002
3.778922999999999, 0.400545
3.779422999999994, 0.40089
3.779486999999989, 0.401235
3.7798669999999994, 0.40158
3.7800259999999923, 0.401925
3.7804650000000066, 0.40227
3.78103999999999, 0.402615
3.781446999999986, 0.40296
3.783742999999987, 0.403305
3.783961000000005, 0.40365
3.7841030000000018, 0.403995
3.7844379999999944, 0.40434
3.7846100000000007, 0.404685
3.784684999999996, 0.40503
3.7847030000000075, 0.405375
3.7849350000000186, 0.40572
3.7861870000000124, 0.406065
3.7879760000000005, 0.40641
3.7882730000000038, 0.406755
3.788599000000005, 0.4071
3.788736, 0.407445
3.789334999999994, 0.40779
3.7902799999999957, 0.408135
3.791098000000005, 0.40848
3.7917520000000025, 0.408825
3.791948000000005, 0.40917
3.7925280000000043, 0.409515
3.793362000000002, 0.40986
3.793849999999992, 0.410205
3.794196999999997, 0.41055
3.795285, 0.410895
3.795299, 0.41124
3.795366999999999, 0.411585
3.7976869999999963, 0.41193
3.79791800000001, 0.412275
3.799126000000001, 0.41262
3.800172, 0.412965
3.801594999999992, 0.41331
3.801689000000003, 0.413655
3.8024020000000007, 0.414
3.8032249999999976, 0.414345
3.803286000000014, 0.41469
3.803329000000005, 0.415035
3.8058770000000095, 0.41538
3.806320999999997, 0.415725
3.806767000000008, 0.41607
3.8067800000000034, 0.416415
3.80707799999999, 0.41676
3.8089789999999937, 0.417105
3.809494000000001, 0.41745
3.810375999999991, 0.417795
3.811171999999999, 0.41814
3.8125220000000013, 0.418485
3.8129339999999985, 0.41883
3.8129849999999976, 0.419175
3.8136219999999987, 0.41952
3.8136790000000076, 0.419865
3.8141630000000077, 0.42021
3.8149350000000055, 0.420555
3.815039000000013, 0.4209
3.8154110000000117, 0.421245
3.817653000000007, 0.42159
3.8181439999999967, 0.421935
3.818353000000002, 0.42228
3.8185670000000016, 0.422625
3.818930999999999, 0.42297
3.8216559999999973, 0.423315
3.8228340000000003, 0.42366
3.8230239999999753, 0.424005
3.8236440000000016, 0.42435
3.8237709999999936, 0.424695
3.8239890000000116, 0.42504
3.824095, 0.425385
3.8243520000000046, 0.42573
3.8250210000000067, 0.426075
3.8257910000000095, 0.42642
3.827204999999992, 0.426765
3.8300160000000005, 0.42711
3.830106999999998, 0.427455
3.8311800000000034, 0.4278
3.8312950000000114, 0.428145
3.832678999999999, 0.42849
3.8333590000000015, 0.428835
3.833617000000004, 0.42918
3.8345299999999725, 0.429525
3.8349919999999997, 0.42987
3.8350379999999973, 0.430215
3.8364559999999983, 0.43056
3.837634999999999, 0.430905
3.837951000000004, 0.43125
3.838086000000004, 0.431595
3.838378000000006, 0.43194
3.8384570000000053, 0.432285
3.840839999999986, 0.43263
3.8409740000000028, 0.432975
3.841138000000001, 0.43332
3.8413309999999967, 0.433665
3.8463649999999987, 0.43401
3.847673999999998, 0.434355
3.8480930000000058, 0.4347
3.8500180000000057, 0.435045
3.8501799999999946, 0.43539
3.8503089999999993, 0.435735
3.8513789999999943, 0.43608
3.8520829999999933, 0.436425
3.8521189999999876, 0.43677
3.852374999999995, 0.437115
3.852805999999987, 0.43746
3.852933, 0.437805
3.8530130000000042, 0.43815
3.853825999999998, 0.438495
3.854098999999998, 0.43884
3.8545249999999953, 0.439185
3.8548769999999877, 0.43953
3.855198999999999, 0.439875
3.8563540000000103, 0.44022
3.8566059999999993, 0.440565
3.8566199999999995, 0.44091
3.8573260000000005, 0.441255
3.8577940000000126, 0.4416
3.8591150000000027, 0.441945
3.8591380000000015, 0.44229
3.859435999999988, 0.442635
3.859548999999987, 0.44298
3.863008999999998, 0.443325
3.8637620000000084, 0.44367
3.8648259999999937, 0.444015
3.8650200000000012, 0.44436
3.8656859999999966, 0.444705
3.86612199999999, 0.44505
3.8662280000000067, 0.445395
3.8667520000000053, 0.44574
3.8670060000000035, 0.446085
3.867247000000006, 0.44643
3.867264000000006, 0.446775
3.86734899999999, 0.44712
3.867974000000004, 0.447465
3.868561999999997, 0.44781
3.8687339999999892, 0.448155
3.8694189999999935, 0.4485
3.869895999999997, 0.448845
3.870318999999995, 0.44919
3.8717850000000027, 0.449535
3.8719020000000057, 0.44988
3.8720110000000005, 0.450225
3.8734090000000023, 0.45057
3.8738379999999992, 0.450915
3.8745600000000007, 0.45126
3.874668, 0.451605
3.8746909999999986, 0.45195
3.8757789999999943, 0.452295
3.8760689999999727, 0.45264
3.876103999999998, 0.452985
3.876265999999987, 0.45333
3.8766509999999954, 0.453675
3.8766589999999894, 0.45402
3.877018999999997, 0.454365
3.8773549999999943, 0.45471
3.8775540000000035, 0.455055
3.8779849999999954, 0.4554
3.8780900000000003, 0.455745
3.8784119999999973, 0.45609
3.8784139999999923, 0.456435
3.8786330000000007, 0.45678
3.8788490000000024, 0.457125
3.8789810000000102, 0.45747
3.8793019999999956, 0.457815
3.8795650000000137, 0.45816
3.8800860000000057, 0.458505
3.880161000000001, 0.45885
3.880382999999995, 0.459195
3.8805080000000007, 0.45954
3.8811609999999916, 0.459885
3.8829700000000003, 0.46023
3.884636999999998, 0.460575
3.8868769999999984, 0.46092
3.8874790000000132, 0.461265
3.8883830000000046, 0.46161
3.889210999999989, 0.461955
3.889408000000003, 0.4623
3.889805999999993, 0.462645
3.8902089999999987, 0.46299
3.8904890000000023, 0.463335
3.892702, 0.46368
3.8928410000000007, 0.464025
3.893098000000009, 0.46437
3.893213000000003, 0.464715
3.8943849999999998, 0.46506
3.896059000000008, 0.465405
3.896484000000001, 0.46575
3.897670000000005, 0.466095
3.89811499999999, 0.46644
3.8986969999999985, 0.466785
3.898729000000003, 0.46713
3.8997329999999977, 0.467475
3.900398999999993, 0.46782
3.900569000000001, 0.468165
3.9020629999999983, 0.46851
3.9025, 0.468855
3.9029390000000035, 0.4692
3.9035829999999976, 0.469545
3.9045229999999975, 0.46989
3.9052540000000135, 0.470235
3.9054360000000017, 0.47058
3.9060409999999877, 0.470925
3.9061279999999954, 0.47127
3.906567999999993, 0.471615
3.906895999999989, 0.47196
3.9077740000000034, 0.472305
3.9080139999999943, 0.47265
3.908176999999995, 0.472995
3.9081840000000057, 0.47334
3.9086499999999944, 0.473685
3.908761999999996, 0.47403
3.909687999999999, 0.474375
3.910655999999989, 0.47472
3.9113119999999997, 0.475065
3.9120319999999964, 0.47541
3.913212999999999, 0.475755
3.9144589999999937, 0.4761
3.914472, 0.476445
3.9168559999999992, 0.47679
3.91901, 0.477135
3.920146999999986, 0.47748
3.9218170000000043, 0.477825
3.9222639999999984, 0.47817
3.9224940000000004, 0.478515
3.9229970000000005, 0.47886
3.922998000000007, 0.479205
3.924664000000007, 0.47955
3.925771999999995, 0.479895
3.925901000000003, 0.48024
3.9261300000000006, 0.480585
3.926388000000003, 0.48093
3.926592999999997, 0.481275
3.9267150000000015, 0.48162
3.9268940000000008, 0.481965
3.9278939999999984, 0.48231
3.9298279999999863, 0.482655
3.930757, 0.483
3.931270999999981, 0.483345
3.932058000000012, 0.48369
3.9322839999999957, 0.484035
3.932371, 0.48438
3.932502999999997, 0.484725
3.9330990000000003, 0.48507
3.9331390000000113, 0.485415
3.9332330000000013, 0.48576
3.9347469999999873, 0.486105
3.934806999999978, 0.48645
3.934861000000012, 0.486795
3.9349069999999955, 0.48714
3.935485, 0.487485
3.935665, 0.48783
3.9360550000000103, 0.488175
3.9367369999999937, 0.48852
3.9369740000000064, 0.488865
3.9390370000000132, 0.48921
3.9391840000000116, 0.489555
3.9393680000000018, 0.4899
3.939468000000005, 0.490245
3.9395199999999875, 0.49059
3.939622, 0.490935
3.9398439999999937, 0.491625
3.9408809999999903, 0.49197
3.9411210000000096, 0.492315
3.9416669999999954, 0.49266
3.9419129999999996, 0.493005
3.9422950000000014, 0.49335
3.9437089999999984, 0.493695
3.945933999999994, 0.49404
3.9474130000000116, 0.494385
3.9481059999999957, 0.49473
3.948311000000004, 0.495075
3.9484449999999924, 0.49542
3.948457999999988, 0.495765
3.948619000000008, 0.49611
3.9491709999999998, 0.496455
3.949745000000007, 0.4968
3.949863999999991, 0.497145
3.950091999999998, 0.49749
3.950209000000001, 0.497835
3.950308000000007, 0.49818
3.950339999999997, 0.498525
3.9510680000000065, 0.49887
3.9514079999999865, 0.499215
3.951515999999998, 0.49956
3.953085999999999, 0.499905
3.9536839999999955, 0.50025
3.954223000000013, 0.500595
3.9565120000000036, 0.50094
3.9570710000000133, 0.501285
3.9571599999999876, 0.50163
3.9575300000000055, 0.501975
3.9581310000000016, 0.50232
3.958401000000009, 0.502665
3.959807999999999, 0.50301
3.9609749999999977, 0.503355
3.961057999999994, 0.5037
3.961313000000004, 0.504045
3.9619680000000006, 0.50439
3.9623359999999934, 0.504735
3.962502999999998, 0.50508
3.963130999999997, 0.505425
3.963310000000007, 0.50577
3.9644790000000008, 0.506115
3.965192000000002, 0.50646
3.966181000000006, 0.506805
3.9662620000000004, 0.50715
3.9662639999999953, 0.507495
3.9666990000000055, 0.50784
3.9671089999999936, 0.508185
3.968119999999999, 0.50853
3.969360999999992, 0.508875
3.9707280000000083, 0.50922
3.9713940000000036, 0.509565
3.9714209999999923, 0.50991
3.9715649999999982, 0.510255
3.972516000000013, 0.5106
3.9742980000000045, 0.510945
3.974968000000004, 0.51129
3.975273999999999, 0.511635
3.97544400000001, 0.51198
3.9758489999999966, 0.512325
3.9761550000000057, 0.51267
3.9764839999999992, 0.513015
3.9773010000000006, 0.51336
3.9781770000000023, 0.513705
3.9785480000000035, 0.51405
3.979639999999989, 0.514395
3.9807819999999996, 0.51474
3.9815570000000093, 0.515085
3.981810000000003, 0.51543
3.982418999999993, 0.515775
3.9845870000000048, 0.51612
3.9848289999999906, 0.516465
3.986672999999996, 0.51681
3.9879389999999972, 0.517155
3.9887119999999925, 0.5175
3.99132800000001, 0.517845
3.991970000000009, 0.51819
3.9922969999999935, 0.518535
3.992313000000003, 0.51888
3.992446000000001, 0.519225
3.9942330000000013, 0.51957
3.9942339999999987, 0.519915
3.9947589999999984, 0.52026
3.994766999999996, 0.520605
3.9949430000000064, 0.52095
3.9968210000000113, 0.521295
3.9971239999999995, 0.52164
3.998061000000007, 0.521985
3.9992790000000014, 0.52233
4.001364999999993, 0.522675
4.001706999999996, 0.52302
4.003984000000003, 0.523365
4.0042410000000075, 0.52371
4.0059030000000035, 0.524055
4.00595899999999, 0.5244
4.008026000000001, 0.524745
4.010222999999996, 0.52509
4.010393999999998, 0.525435
4.0108630000000005, 0.52578
4.010944, 0.526125
4.012101999999999, 0.52647
4.013320999999998, 0.526815
4.013964000000001, 0.52716
4.014100999999982, 0.527505
4.014319999999998, 0.52785
4.014480999999989, 0.528195
4.014596000000012, 0.52854
4.015404999999987, 0.528885
4.016116999999994, 0.52923
4.016446999999999, 0.529575
4.016638999999998, 0.52992
4.0181460000000015, 0.530265
4.0181770000000085, 0.53061
4.0187910000000215, 0.530955
4.01934, 0.5313
4.021861000000001, 0.531645
4.022338999999988, 0.53199
4.022941000000003, 0.532335
4.025414999999995, 0.53268
4.025585999999997, 0.533025
4.026785000000004, 0.53337
4.028233, 0.533715
4.029088999999999, 0.53406
4.029410000000013, 0.534405
4.029855999999995, 0.53475
4.0313910000000135, 0.535095
4.031591000000006, 0.53544
4.033487000000008, 0.535785
4.033640000000005, 0.53613
4.034700999999998, 0.536475
4.036102000000028, 0.53682
4.036690999999998, 0.537165
4.037362999999999, 0.53751
4.038444999999996, 0.537855
4.0397020000000055, 0.5382
4.040541000000001, 0.538545
4.040930000000003, 0.53889
4.041030000000006, 0.539235
4.041035999999991, 0.53958
4.041627000000005, 0.539925
4.041831, 0.54027
4.04209800000001, 0.540615
4.042648, 0.54096
4.044220999999993, 0.541305
4.045217000000001, 0.54165
4.045746000000008, 0.541995
4.0465110000000095, 0.54234
4.046672000000001, 0.542685
4.047068999999993, 0.54303
4.04780199999999, 0.543375
4.04857100000001, 0.54372
4.048749000000001, 0.544065
4.04905500000001, 0.54441
4.049544999999995, 0.544755
4.05060499999999, 0.5451
4.052771000000007, 0.545445
4.053075000000007, 0.54579
4.053155000000004, 0.546135
4.053515000000004, 0.54648
4.053966000000003, 0.546825
4.054031000000009, 0.54717
4.054682, 0.547515
4.0548689999999965, 0.54786
4.056403999999986, 0.548205
4.057205000000003, 0.54855
4.057787999999988, 0.548895
4.057788000000002, 0.54924
4.058583999999996, 0.549585
4.059245000000004, 0.54993
4.060884999999999, 0.550275
4.061153000000001, 0.55062
4.061261000000002, 0.550965
4.0617830000000055, 0.55131
4.061841000000001, 0.551655
4.0624199999999995, 0.552
4.062810000000013, 0.552345
4.063142999999997, 0.55269
4.063390999999996, 0.553035
4.063415000000006, 0.55338
4.064110999999997, 0.553725
4.064733999999987, 0.55407
4.064748000000009, 0.554415
4.065211000000005, 0.55476
4.066262000000002, 0.555105
4.067125000000004, 0.55545
4.067807000000002, 0.555795
4.068392000000003, 0.55614
4.068727000000024, 0.556485
4.071719000000002, 0.55683
4.072341999999992, 0.557175
4.073352, 0.55752
4.073765000000002, 0.557865
4.073925000000003, 0.55821
4.074105000000003, 0.558555
4.074394000000012, 0.5589
4.074398000000002, 0.559245
4.075229000000007, 0.55959
4.07592600000001, 0.559935
4.076237000000006, 0.56028
4.076335, 0.560625
4.076723999999999, 0.56097
4.078113000000002, 0.561315
4.078532999999993, 0.56166
4.079101000000001, 0.562005
4.079788999999998, 0.56235
4.079870999999997, 0.562695
4.080359000000001, 0.56304
4.081965000000025, 0.563385
4.082781000000011, 0.56373
4.082986000000005, 0.564075
4.0843129999999945, 0.56442
4.085076999999998, 0.564765
4.085980000000006, 0.56511
4.086284000000006, 0.565455
4.086578000000003, 0.5658
4.086968000000013, 0.566145
4.087447999999995, 0.56649
4.087711999999996, 0.566835
4.087910999999991, 0.56718
4.089148999999999, 0.567525
4.089288, 0.56787
4.089515000000006, 0.568215
4.089788999999996, 0.56856
4.091295000000002, 0.568905
4.093423000000001, 0.56925
4.0936729999999955, 0.569595
4.094572999999997, 0.56994
4.095221000000009, 0.570285
4.095552999999995, 0.57063
4.096643999999998, 0.570975
4.097017999999991, 0.57132
4.097442000000001, 0.571665
4.097578999999996, 0.57201
4.097992000000005, 0.572355
4.099396999999996, 0.5727
4.100605999999999, 0.573045
4.10093599999999, 0.57339
4.101045999999997, 0.573735
4.103270000000009, 0.57408
4.103599999999972, 0.574425
4.103890999999997, 0.57477
4.104320000000001, 0.575115
4.104783999999995, 0.57546
4.105647000000005, 0.575805
4.10635400000001, 0.57615
4.106571000000002, 0.576495
4.108331, 0.57684
4.108344000000002, 0.577185
4.108854000000008, 0.57753
4.109340000000003, 0.577875
4.109399999999994, 0.57822
4.109787000000011, 0.578565
4.110192999999995, 0.57891
4.112119000000007, 0.579255
4.112572999999998, 0.5796
4.113119999999995, 0.579945
4.113999000000007, 0.58029
4.114939000000007, 0.580635
4.115760999999992, 0.58098
4.117261000000013, 0.581325
4.119191999999998, 0.58167
4.119887000000006, 0.582015
4.120604999999998, 0.58236
4.121979000000003, 0.582705
4.122347999999988, 0.58305
4.123125000000002, 0.583395
4.126059999999995, 0.58374
4.1262140000000045, 0.584085
4.12623099999999, 0.58443
4.126683000000014, 0.584775
4.127379000000005, 0.58512
4.1301070000000095, 0.585465
4.131825999999997, 0.58581
4.1322040000000015, 0.586155
4.132549000000012, 0.5865
4.1334520000000055, 0.586845
4.134477000000004, 0.58719
4.134728999999993, 0.587535
4.135037000000011, 0.58788
4.135761000000002, 0.588225
4.1362570000000005, 0.58857
4.136364, 0.588915
4.136503999999999, 0.58926
4.137900999999999, 0.589605
4.1396370000000005, 0.58995
4.139883999999995, 0.590295
4.141840000000002, 0.59064
4.142374000000004, 0.590985
4.142427999999995, 0.59133
4.1437799999999925, 0.591675
4.144389000000004, 0.59202
4.1447, 0.592365
4.144990000000007, 0.59271
4.145127000000002, 0.593055
4.145854999999997, 0.5934
4.146822999999998, 0.593745
4.147618999999992, 0.59409
4.148979999999995, 0.594435
4.1492000000000075, 0.59478
4.149423000000013, 0.595125
4.150264999999999, 0.59547
4.150308999999993, 0.595815
4.151106999999996, 0.59616
4.152723000000009, 0.596505
4.155789000000027, 0.59685
4.158422000000002, 0.597195
4.158476, 0.59754
4.160216999999999, 0.597885
4.160671000000001, 0.59823
4.161885000000012, 0.598575
4.1648, 0.59892
4.166097000000008, 0.599265
4.167062000000001, 0.59961
4.167452999999995, 0.599955
4.168606999999994, 0.6003
4.169575000000009, 0.600645
4.170120999999995, 0.60099
4.171741999999995, 0.601335
4.1720960000000105, 0.60168
4.173787000000004, 0.602025
4.174565000000001, 0.60237
4.174630000000008, 0.602715
4.175218000000001, 0.60306
4.175264999999996, 0.603405
4.175999999999988, 0.60375
4.177236000000001, 0.604095
4.178303999999997, 0.60444
4.1786499999999975, 0.604785
4.17944, 0.60513
4.179487999999999, 0.605475
4.179965999999993, 0.60582
4.180397999999997, 0.606165
4.182436999999993, 0.60651
4.1826269999999965, 0.606855
4.182800999999998, 0.6072
4.182893999999976, 0.607545
4.184192999999993, 0.60789
4.185754000000003, 0.608235
4.1864909999999895, 0.60858
4.1904150000000016, 0.608925
4.191672999999994, 0.60927
4.193106, 0.609615
4.195137999999986, 0.60996
4.195388999999999, 0.610305
4.200819000000003, 0.61065
4.201226999999989, 0.610995
4.201689000000002, 0.61134
4.201806999999974, 0.611685
4.202093999999988, 0.61203
4.203949999999999, 0.612375
4.204314000000011, 0.61272
4.2059790000000135, 0.613065
4.206053999999995, 0.61341
4.2069410000000005, 0.613755
4.207147000000001, 0.6141
4.209221000000014, 0.614445
4.209264999999988, 0.61479
4.209466000000006, 0.615135
4.209996999999987, 0.61548
4.210509000000002, 0.615825
4.213152000000001, 0.61617
4.2132179999999995, 0.616515
4.21362400000001, 0.61686
4.214901999999995, 0.617205
4.215748999999999, 0.61755
4.217091000000011, 0.617895
4.219208999999999, 0.61824
4.219803000000013, 0.618585
4.220697999999999, 0.61893
4.2209179999999975, 0.619275
4.221481000000011, 0.61962
4.224558999999999, 0.619965
4.225741999999997, 0.62031
4.225786999999997, 0.620655
4.226824999999998, 0.621
4.228644000000003, 0.621345
4.2290220000000005, 0.62169
4.230749000000003, 0.622035
4.233093, 0.62238
4.233985999999987, 0.622725
4.2353140000000025, 0.62307
4.236270000000005, 0.623415
4.237695000000002, 0.62376
4.239422000000005, 0.624105
4.2406559999999995, 0.62445
4.241446999999994, 0.624795
4.242627999999996, 0.62514
4.243556999999996, 0.625485
4.244602999999984, 0.62583
4.244663000000003, 0.626175
4.2451759999999865, 0.62652
4.245780999999994, 0.626865
4.246053999999987, 0.62721
4.24828500000001, 0.627555
4.248359000000001, 0.6279
4.248677000000001, 0.628245
4.249798999999996, 0.62859
4.250501000000014, 0.628935
4.251406000000003, 0.62928
4.2519399999999905, 0.629625
4.253105000000005, 0.62997
4.255183000000002, 0.630315
4.255902999999989, 0.63066
4.256586999999996, 0.631005
4.2653490000000005, 0.63135
4.266940000000005, 0.631695
4.267608999999993, 0.63204
4.269432999999992, 0.632385
4.270044000000013, 0.63273
4.270274999999998, 0.633075
4.271692000000002, 0.63342
4.2721520000000055, 0.633765
4.273109000000005, 0.63411
4.273341000000002, 0.634455
4.273760000000003, 0.6348
4.273920000000004, 0.635145
4.273986000000008, 0.63549
4.276275999999996, 0.635835
4.27752799999999, 0.63618
4.2776389999999935, 0.636525
4.283604999999994, 0.63687
4.284412000000003, 0.637215
4.285935000000002, 0.63756
4.286092999999994, 0.637905
4.286307999999998, 0.63825
4.286542999999995, 0.638595
4.289025000000009, 0.63894
4.2903320000000065, 0.639285
4.291624999999996, 0.63963
4.291684000000004, 0.639975
4.2934569999999965, 0.64032
4.293624999999992, 0.640665
4.293777000000006, 0.64101
4.293956000000001, 0.641355
4.295150000000007, 0.6417
4.296120000000002, 0.642045
4.297594000000004, 0.64239
4.297723000000005, 0.642735
4.298320000000004, 0.64308
4.299041999999986, 0.643425
4.29958400000001, 0.64377
4.301738999999998, 0.644115
4.303812999999991, 0.64446
4.304603, 0.644805
4.304723999999993, 0.64515
4.305694000000003, 0.645495
4.306560000000005, 0.64584
4.307912999999999, 0.646185
4.308189999999996, 0.64653
4.308190999999994, 0.646875
4.308802, 0.64722
4.3089980000000025, 0.647565
4.309223000000003, 0.64791
4.310227999999995, 0.648255
4.310680000000005, 0.6486
4.311007999999987, 0.648945
4.311972000000001, 0.64929
4.312197999999995, 0.649635
4.312250000000006, 0.64998
4.312269999999998, 0.650325
4.313360999999986, 0.65067
4.314857999999987, 0.651015
4.316193999999996, 0.65136
4.317641000000009, 0.651705
4.317720000000001, 0.65205
4.320422000000008, 0.652395
4.321772999999993, 0.65274
4.322101, 0.653085
4.322349000000003, 0.65343
4.324078, 0.653775
4.327821, 0.65412
4.3291810000000055, 0.654465
4.330499000000003, 0.65481
4.332475000000002, 0.655155
4.333415000000002, 0.6555
4.333788999999996, 0.655845
4.3369069999999965, 0.65619
4.337657000000007, 0.656535
4.339059000000006, 0.65688
4.339082000000001, 0.657225
4.339999000000006, 0.65757
4.342834000000003, 0.657915
4.343798000000007, 0.65826
4.346047999999996, 0.658605
4.346140999999989, 0.65895
4.346285000000002, 0.659295
4.347363999999999, 0.65964
4.348818999999992, 0.659985
4.3500060000000005, 0.66033
4.350469000000004, 0.660675
4.350787999999994, 0.66102
4.352883999999989, 0.661365
4.35439199999999, 0.66171
4.354576000000009, 0.662055
4.356286000000001, 0.6624
4.358018000000001, 0.662745
4.359767000000005, 0.66309
4.359993000000003, 0.663435
4.361230000000006, 0.66378
4.361617999999993, 0.664125
4.362211, 0.66447
4.362263000000013, 0.664815
4.363130000000012, 0.66516
4.363310000000013, 0.665505
4.366297000000003, 0.66585
4.366323999999999, 0.666195
4.367166999999995, 0.66654
4.370283999999998, 0.666885
4.372432000000003, 0.66723
4.373184999999999, 0.667575
4.373671999999999, 0.66792
4.374989999999997, 0.668265
4.376714, 0.66861
4.382008000000013, 0.668955
4.384726000000001, 0.6693
4.385731000000021, 0.669645
4.387872999999999, 0.66999
4.388571999999996, 0.670335
4.388677000000001, 0.67068
4.390008000000002, 0.671025
4.390080999999995, 0.67137
4.39220499999999, 0.671715
4.392225999999994, 0.67206
4.397130000000004, 0.672405
4.397172999999995, 0.67275
4.397287000000006, 0.673095
4.399530999999996, 0.67344
4.400254000000004, 0.673785
4.400263999999993, 0.67413
4.401436999999987, 0.674475
4.405281000000002, 0.67482
4.406162999999999, 0.675165
4.407324999999986, 0.67551
4.4087339999999955, 0.675855
4.409741999999994, 0.6762
4.410928999999996, 0.676545
4.411333000000013, 0.67689
4.411494000000005, 0.677235
4.412173999999993, 0.67758
4.412754999999997, 0.677925
4.415163000000007, 0.67827
4.415394000000006, 0.678615
4.4168789999999944, 0.67896
4.418607000000009, 0.679305
4.418836999999996, 0.67965
4.4195410000000095, 0.679995
4.420287999999999, 0.68034
4.420886999999993, 0.680685
4.423349000000002, 0.68103
4.424820000000011, 0.681375
4.427455000000009, 0.68172
4.4284099999999995, 0.682065
4.4301340000000025, 0.68241
4.430560999999997, 0.682755
4.431045000000012, 0.6831
4.4312419999999975, 0.683445
4.432080000000013, 0.68379
4.432224999999988, 0.684135
4.433374000000001, 0.68448
4.433662999999996, 0.684825
4.435254999999998, 0.68517
4.435286999999988, 0.685515
4.43676099999999, 0.68586
4.437483999999998, 0.686205
4.439659000000006, 0.68655
4.4418349999999975, 0.686895
4.4434929999999895, 0.68724
4.446361, 0.687585
4.447012999999998, 0.68793
4.448497000000003, 0.688275
4.449247000000014, 0.68862
4.450582999999995, 0.688965
4.450901000000002, 0.68931
4.454115999999999, 0.689655
4.454692, 0.69
4.459263, 0.690345
4.46035999999998, 0.69069
4.462444000000005, 0.691035
4.464171999999991, 0.69138
4.464600999999988, 0.691725
4.4647680000000065, 0.69207
4.467458999999998, 0.692415
4.469268999999997, 0.69276
4.469761000000005, 0.693105
4.469828000000007, 0.69345
4.470326, 0.693795
4.475061000000011, 0.69414
4.476404000000002, 0.694485
4.476675999999998, 0.69483
4.478017999999992, 0.695175
4.479310999999996, 0.69552
4.479678000000007, 0.695865
4.480058000000014, 0.69621
4.481424, 0.696555
4.482940999999997, 0.6969
4.483518000000004, 0.697245
4.484110999999999, 0.69759
4.490341999999998, 0.697935
4.491569999999996, 0.69828
4.49198100000001, 0.698625
4.492930000000001, 0.69897
4.493538999999998, 0.699315
4.497823000000011, 0.69966
4.498312999999996, 0.700005
4.502171000000004, 0.70035
4.502957000000009, 0.700695
4.503499000000005, 0.70104
4.503606999999988, 0.701385
4.503703999999999, 0.70173
4.505642999999999, 0.702075
4.508330000000001, 0.70242
4.516053999999997, 0.702765
4.51619, 0.70311
4.520629000000014, 0.703455
4.522810999999997, 0.7038
4.526609999999998, 0.704145
4.527931999999993, 0.70449
4.528070999999997, 0.704835
4.533704999999998, 0.70518
4.534779, 0.705525
4.534981999999999, 0.70587
4.536011000000002, 0.706215
4.539247000000003, 0.70656
4.541751000000005, 0.706905
4.542732000000001, 0.70725
4.543661999999998, 0.707595
4.5441319999999905, 0.70794
4.548604999999995, 0.708285
4.550041, 0.70863
4.552574, 0.708975
4.55343400000001, 0.70932
4.555307999999997, 0.709665
4.562035000000002, 0.71001
4.562794999999994, 0.710355
4.566424999999995, 0.7107
4.569472000000005, 0.711045
4.572903999999994, 0.71139
4.575516999999991, 0.711735
4.5797740000000005, 0.71208
4.582629999999995, 0.712425
4.584057000000001, 0.71277
4.585874999999987, 0.713115
4.587242, 0.71346
4.591082999999999, 0.713805
4.591793999999993, 0.71415
4.5943570000000005, 0.714495
4.594563999999991, 0.71484
4.594709999999992, 0.715185
4.598137000000008, 0.71553
4.598764000000017, 0.715875
4.599170999999998, 0.71622
4.599812, 0.716565
4.601540999999997, 0.71691
4.605814000000009, 0.717255
4.606063000000006, 0.7176
4.606394000000002, 0.717945
4.610439000000014, 0.71829
4.610615999999993, 0.718635
4.612648000000007, 0.71898
4.615411999999992, 0.719325
4.619389999999996, 0.71967
4.620398999999992, 0.720015
4.623064999999997, 0.72036
4.623181000000002, 0.720705
4.624304000000002, 0.72105
4.630943000000002, 0.721395
4.632024000000001, 0.72174
4.633236999999994, 0.722085
4.6334910000000065, 0.72243
4.6336729999999875, 0.722775
4.636708999999996, 0.72312
4.643684, 0.723465
4.644170000000003, 0.72381
4.644935000000004, 0.724155
4.645217000000002, 0.7245
4.645721000000002, 0.724845
4.646417000000014, 0.72519
4.65021999999999, 0.725535
4.650711000000001, 0.72588
4.654707000000002, 0.726225
4.656651000000011, 0.72657
4.658095000000003, 0.726915
4.6582190000000026, 0.72726
4.662652000000001, 0.727605
4.6626990000000035, 0.72795
4.664661000000001, 0.728295
4.670710999999997, 0.72864
4.672087000000005, 0.728985
4.6729469999999935, 0.72933
4.672949999999986, 0.729675
4.673069999999996, 0.73002
4.6761009999999885, 0.730365
4.676223, 0.73071
4.6805749999999975, 0.731055
4.681009999999986, 0.7314
4.6931120000000135, 0.731745
4.693737999999996, 0.73209
4.694811999999999, 0.732435
4.70523399999999, 0.73278
4.707616000000002, 0.733125
4.7103130000000135, 0.73347
4.7112750000000005, 0.733815
4.7151779999999945, 0.73416
4.715340999999995, 0.734505
4.7153610000000015, 0.73485
4.716224000000011, 0.735195
4.720494000000002, 0.73554
4.724233999999996, 0.735885
4.727841000000012, 0.73623
4.7409880000000015, 0.736575
4.742749000000003, 0.73692
4.743883000000011, 0.737265
4.749640999999997, 0.73761
4.752551000000011, 0.737955
4.752810000000011, 0.7383
4.753129000000001, 0.738645
4.757738999999987, 0.73899
4.760873000000004, 0.739335
4.766428000000001, 0.73968
4.769526000000013, 0.740025
4.775444999999991, 0.74037
4.776848999999999, 0.740715
4.786937999999992, 0.74106
4.787364999999999, 0.741405
4.787399, 0.74175
4.80261999999999, 0.742095
4.803809999999999, 0.74244
4.8069010000000105, 0.742785
4.810252999999989, 0.74313
4.812333999999993, 0.743475
4.812712000000001, 0.74382
4.813851, 0.744165
4.8147089999999935, 0.74451
4.814909999999999, 0.744855
4.815855999999997, 0.7452
4.819326999999987, 0.745545
4.823101000000008, 0.74589
4.831292999999999, 0.746235
4.8331719999999905, 0.74658
4.833395000000003, 0.746925
4.834025999999994, 0.74727
4.838307999999998, 0.747615
4.839679999999987, 0.74796
4.841418000000004, 0.748305
4.84278599999999, 0.74865
4.842806000000003, 0.748995
4.8490309999999965, 0.74934
4.849290999999994, 0.749685
4.854196999999999, 0.75003
4.86278200000001, 0.750375
4.862919000000005, 0.75072
4.865266999999989, 0.751065
4.867869000000013, 0.75141
4.867925, 0.751755
4.871555000000001, 0.7521
4.873671999999999, 0.752445
4.875241000000003, 0.75279
4.875479000000013, 0.753135
4.878750999999994, 0.75348
4.880527000000001, 0.753825
4.885744999999986, 0.75417
4.886721999999992, 0.754515
4.889134999999996, 0.75486
4.891016000000008, 0.755205
4.892602999999994, 0.75555
4.895359999999997, 0.755895
4.896204999999995, 0.75624
4.897001999999986, 0.756585
4.901455999999996, 0.75693
4.902896999999999, 0.757275
4.903039000000007, 0.75762
4.908662, 0.757965
4.909400000000005, 0.75831
4.916406999999992, 0.758655
4.9238770000000045, 0.759
4.93588299999999, 0.759345
4.936881999999997, 0.75969
4.939323999999999, 0.760035
4.944635000000005, 0.76038
4.946273999999988, 0.760725
4.947828000000001, 0.76107
4.949335999999988, 0.761415
4.955416, 0.76176
4.9563579999999945, 0.762105
4.956774999999993, 0.76245
4.956866999999988, 0.762795
4.9606919999999946, 0.76314
4.963922999999994, 0.763485
4.970454, 0.76383
4.970954000000006, 0.764175
4.9931569999999965, 0.76452
4.998381999999992, 0.764865
5.000021000000004, 0.76521
5.016643000000002, 0.765555
5.035512000000011, 0.7659
5.0361369999999965, 0.766245
5.038892000000004, 0.76659
5.040844999999997, 0.766935
5.045176, 0.76728
5.058232000000004, 0.767625
5.06442100000001, 0.76797
5.065545, 0.768315
5.07146800000001, 0.76866
5.074105000000003, 0.769005
5.074493000000018, 0.76935
5.075612999999976, 0.769695
5.0805990000000065, 0.77004
5.085760999999991, 0.770385
5.108411000000004, 0.77073
5.1135830000000055, 0.771075
5.115613999999994, 0.77142
5.1192760000000135, 0.771765
5.129374000000013, 0.77211
5.1367719999999935, 0.772455
5.157601999999997, 0.7728
5.1708209999999895, 0.773145
5.176768999999993, 0.77349
5.183903999999998, 0.773835
5.185362999999995, 0.77418
5.197871, 0.774525
5.198886999999999, 0.77487
5.201689000000002, 0.775215
5.208606, 0.77556
5.233581000000001, 0.775905
5.243895000000009, 0.77625
5.2544300000000135, 0.776595
5.255346000000003, 0.77694
5.2679919999999925, 0.777285
5.2801469999999995, 0.77763
5.286145000000005, 0.777975
5.298123000000004, 0.77832
5.301623000000006, 0.778665
5.305279999999996, 0.77901
5.312194999999999, 0.779355
5.32006100000001, 0.7797
5.320505000000026, 0.780045
5.356637, 0.78039
5.359954, 0.780735
5.380732000000002, 0.78108
5.412143000000015, 0.781425
5.416902999999991, 0.78177
5.423215, 0.782115
5.433933, 0.78246
5.434065000000004, 0.782805
5.437084999999996, 0.78315
5.472946000000007, 0.783495
5.474027000000007, 0.78384
5.506451999999996, 0.784185
5.537807000000001, 0.78453
5.545348000000004, 0.784875
5.545788999999999, 0.78522
5.55663100000001, 0.785565
5.575424999999999, 0.78591
5.5764700000000005, 0.786255
5.581447999999995, 0.7866
5.5832440000000005, 0.786945
5.603724, 0.78729
5.607912999999996, 0.787635
5.624548000000004, 0.78798
5.629851000000002, 0.788325
5.632406000000003, 0.78867
5.646015000000006, 0.789015
5.647244999999998, 0.78936
5.647482, 0.789705
5.650752000000011, 0.79005
5.683096000000006, 0.790395
5.684527000000003, 0.79074
5.688006999999999, 0.791085
5.68886, 0.79143
5.711508000000009, 0.791775
5.7211559999999935, 0.79212
5.728540000000002, 0.792465
5.730959, 0.79281
5.731709, 0.793155
5.736900000000006, 0.7935
5.754034, 0.793845
5.755788000000001, 0.79419
5.756002999999993, 0.794535
5.758143999999987, 0.79488
5.760698999999988, 0.795225
5.772085000000001, 0.79557
5.777312999999992, 0.795915
5.779602000000001, 0.79626
5.783980000000014, 0.796605
5.796516999999994, 0.79695
5.7970960000000105, 0.797295
5.800304000000011, 0.79764
5.800362000000007, 0.797985
5.807515, 0.79833
5.815923999999995, 0.798675
5.828395999999998, 0.79902
5.835296999999997, 0.799365
5.836296000000004, 0.79971
5.852035000000001, 0.800055
5.853577000000001, 0.8004
5.871116000000001, 0.800745
5.8765459999999905, 0.80109
5.894411999999988, 0.801435
5.903165999999999, 0.80178
5.903430999999998, 0.802125
5.903433000000007, 0.80247
5.917911000000004, 0.802815
5.919537000000005, 0.80316
5.937201000000002, 0.803505
5.942172, 0.80385
5.952940000000002, 0.804195
5.95702, 0.80454
5.964375000000004, 0.804885
5.982430999999991, 0.80523
5.985011999999998, 0.805575
5.998967, 0.80592
6.000135999999998, 0.806265
6.004289, 0.80661
6.021917000000002, 0.806955
6.0228090000000005, 0.8073
6.023557000000011, 0.807645
6.023716999999998, 0.80799
6.027219000000002, 0.808335
6.036348000000004, 0.80868
6.036723999999992, 0.809025
6.037222, 0.80937
6.042698999999999, 0.809715
6.046807999999999, 0.81006
6.0565540000000055, 0.810405
6.085801000000004, 0.81075
6.090523000000005, 0.811095
6.101365000000001, 0.81144
6.108518000000004, 0.811785
6.117203, 0.81213
6.131668999999988, 0.812475
6.135103000000001, 0.81282
6.154033999999996, 0.813165
6.170525999999995, 0.81351
6.181931999999989, 0.813855
6.182480999999999, 0.8142
6.182842000000001, 0.814545
6.191291, 0.81489
6.195562999999993, 0.815235
6.197244000000012, 0.81558
6.197600999999992, 0.815925
6.205354999999997, 0.81627
6.206276000000003, 0.816615
6.2083430000000135, 0.81696
6.212295000000012, 0.817305
6.234937000000002, 0.81765
6.238102999999995, 0.817995
6.249043, 0.81834
6.253647000000001, 0.818685
6.256979000000001, 0.81903
6.259577999999999, 0.819375
6.278501000000006, 0.81972
6.283388000000002, 0.820065
6.289458999999994, 0.82041
6.296366000000006, 0.820755
6.304023, 0.8211
6.327325000000002, 0.821445
6.330487, 0.82179
6.343615, 0.822135
6.351614, 0.82248
6.363495, 0.822825
6.375418999999994, 0.82317
6.377282000000001, 0.823515
6.387653999999998, 0.82386
6.401669000000027, 0.824205
6.4108830000000125, 0.82455
6.414493999999991, 0.824895
6.420076999999992, 0.82524
6.437876999999986, 0.825585
6.44464099999999, 0.82593
6.453581000000014, 0.826275
6.4556439999999995, 0.82662
6.485767000000003, 0.826965
6.48602, 0.82731
6.500642999999997, 0.827655
6.504430999999997, 0.828
6.507523999999989, 0.828345
6.516804000000008, 0.82869
6.523528000000001, 0.829035
6.56432, 0.82938
6.574659999999994, 0.829725
6.5779520000000105, 0.83007
6.580172000000005, 0.830415
6.594769999999997, 0.83076
6.606189999999998, 0.831105
6.609247000000003, 0.83145
6.655229999999989, 0.831795
6.662973999999991, 0.83214
6.674767000000003, 0.832485
6.689864, 0.83283
6.711016000000001, 0.833175
6.7536640000000006, 0.83352
6.760435000000001, 0.833865
6.772971999999996, 0.83421
6.778772000000004, 0.834555
6.799054999999996, 0.8349
6.826146999999992, 0.835245
6.834910000000008, 0.83559
6.8396989999999995, 0.835935
6.843685999999998, 0.83628
6.864731000000006, 0.836625
6.902228, 0.83697
6.917648000000014, 0.837315
6.930310999999989, 0.83766
6.968744999999998, 0.838005
6.971743000000004, 0.83835
6.974671000000001, 0.838695
7.015366999999998, 0.83904
7.069698000000001, 0.839385
7.093205999999995, 0.83973
7.11654200000001, 0.840075
7.1185999999999865, 0.84042
7.129471999999993, 0.840765
7.139181000000008, 0.84111
7.145517000000012, 0.841455
7.188378999999998, 0.8418
7.200063999999998, 0.842145
7.228217999999998, 0.84249
7.238915999999989, 0.842835
7.26400000000001, 0.84318
7.2797510000000045, 0.843525
7.279905000000014, 0.84387
7.280631, 0.844215
7.28811300000001, 0.84456
7.298514999999998, 0.844905
7.300758999999999, 0.84525
7.336340000000007, 0.845595
7.3418589999999995, 0.84594
7.353656999999998, 0.846285
7.360701000000001, 0.84663
7.361452999999997, 0.846975
7.407056999999995, 0.84732
7.415247999999991, 0.847665
7.432121999999993, 0.84801
7.448771999999991, 0.848355
7.481403999999998, 0.8487
7.483656999999994, 0.849045
7.524585999999999, 0.84939
7.536901999999998, 0.849735
7.541912999999999, 0.85008
7.561166, 0.850425
7.566486999999995, 0.85077
7.570112999999999, 0.851115
7.616416999999998, 0.85146
7.618183999999999, 0.851805
7.635677999999999, 0.85215
7.701872000000009, 0.852495
7.745395000000002, 0.85284
7.752789000000007, 0.853185
7.7965550000000015, 0.85353
7.798304000000002, 0.853875
7.799797, 0.85422
7.8877259999999865, 0.854565
7.893959999999993, 0.85491
7.95983, 0.855255
7.965867000000003, 0.8556
8.029219000000012, 0.855945
8.035017, 0.85629
8.049130000000005, 0.856635
8.122853000000006, 0.85698
8.14457, 0.857325
8.146793000000002, 0.85767
8.178464000000005, 0.858015
8.181096999999994, 0.85836
8.1826, 0.858705
8.187310000000025, 0.85905
8.240482999999998, 0.859395
8.259298999999999, 0.85974
8.481266000000005, 0.860085
8.526224000000013, 0.86043
8.596746, 0.860775
8.613715999999997, 0.86112
8.682742000000019, 0.861465
8.722094999999996, 0.86181
8.875719, 0.862155
8.891684999999995, 0.8625
9.025865999999994, 0.862845
9.035752, 0.86319
9.071270999999996, 0.863535
9.247329000000008, 0.86388
