phase	t	slot	bpsUp	cpu	diskGB	confBps	submitted	blockdelay	partition	blocks	mp_bp1	mp_bp2	mp_bp3	mp_relay11	mp_relay12	mp_relay13	mp_relay21	mp_relay22	mp_relay23	mp_relay31	mp_relay32	mp_relay33	in_bp1	in_bp2	in_bp3	in_relay11	in_relay12	in_relay13	in_relay21	in_relay22	in_relay23	in_relay31	in_relay32	in_relay33
1	0	54	3	9	126	0	371.9446725146199	0.06367377272727272	0.000037209	1	866	1494	868	23550	874	825	746	1600	702	1412	689	700	0	0	0	0	0	0	0	0	0	0	0	0
1	10	54	3	8	126	0	387.8813559322034	0.06367377272727272	0.000037209	1	3300	3898	3302	27581	3308	3106	3182	4042	3144	4098	3166	3380	29.843666666666664	30.26153846153846	29.799692307692304	0	30.097446153846157	30.53126153846154	29.596153846153847	31.43714871794872	29.51388888888889	30.883038461538465	29.412491025641028	29.44241794871795
1	20	82	3	8	126	1480.1481762711865	386.54237288135596	0.20112933175	0.00017007250000000002	2	5292	5880	5310	31043	5338	5010	4926	6020	5352	6090	4952	5400	87.30845217391304	87.3391304347826	87.43216231884057	0	88.14972173913043	85.55766086956521	83.13550724637682	89.49361304347828	85.97727272727272	88.83889130434784	79.3944347826087	86.89587536231885
1	30	99	3	30	126	1482.695593220339	389.66101694915255	0.22895291916666669	0.02805129266666667	2	7694	8294	7738	35078	7756	7004	6857	8446	7050	8500	2592	7488	115.9131696969697	115.25656565656566	116.0710717171717	0	116.74701818181819	110.3808080808081	108.75656565656567	117.99563636363636	108.94270833333333	117.46598787878786	108.0955393939394	114.90104166666666
1	40	99	3	8	126	17470.514813559323	390.1186440677966	0.2782359550833333	0.02805129266666667	3	6114	6654	6170	35097	6156	5396	4297	6840	5370	6656	4423	5888	168.31876666666668	170.51481212121215	173.0714372093023	0	169.06470909090908	158.01336363636364	146.22051818181816	170.7537727272727	161.42160465116282	173.73174418604648	147.3442042635659	170.28631395348836
1	50	99	3	8	126	17607.693103448273	394.3448275862069	0.2782359550833333	0.02805129266666667	3	8308	9060	8360	39126	8346	7623	6316	9036	7370	9090	5927	7860	198.45471698113212	198.84664259259256	199.26226415094342	0	199.12767295597487	185.80486635802467	163.97231481481484	200.61509433962263	189.11271320754716	202.3343597484277	163.88172075471698	198.97585911949682
1	60	99	3	8	126	17525.84526101695	395.47457627118644	0.2782359550833333	0.02805129266666667	3	10984	11470	11044	43148	11022	9124	8366	11718	9323	11532	7613	9803	254.58704237288134	255.6271186440678	255.540602259887	0	255.33644745762717	227.61937259887006	216.98750819209044	258.271186440678	233.4740881355932	262.6896551724138	204.92537231638417	240.63341468926552
1	70	99	3	8	126	17553.954311864407	390.4721333333334	0.2782359550833333	0.02805129266666667	3	13420	13864	13480	47162	13456	11286	10242	14156	11072	13970	9825	12091	229.25423728813558	226.88135593220338	230.20338983050848	0	229.6949152542373	196.83050847457628	178.59322033898306	229.25423728813558	200.18965517241378	230.67183678160916	180.94827586206895	213.32758620689654
1	80	99	3	7	126	16269.152542372882	394.32926436781605	0.2782359550833333	0.02805129266666667	3	15858	16274	15674	51186	14982	13363	11781	16592	12929	16404	11407	14335	259.0508474576271	256.271186440678	231.28047471264367	0	244.16949152542372	220.54237288135593	181.9655172413793	259.5593220338983	191.44015632183908	231.28212988505746	174.98154310344827	211.27367126436778
1	90	99	3	8	126	0	402.3898305084746	0.2782359550833333	0.02805129266666667	3	18292	18680	18358	55185	17278	15502	13458	19026	14522	19088	13475	16955	231.38983050847457	228.71186440677965	231.864406779661	0	213.94915254237287	196.54237288135593	169.600033045977	231.864406779661	185.15969137931035	231.89830508474577	171.8135593220339	208.6949152542373
1	101	99	3	8	126	0	402.40677966101697	0.2782359550833333	0.02805129266666667	3	20718	21090	20798	59183	19708	17941	15558	21454	16128	21270	14766	19141	231.4237288135593	232.68965517241378	231.864406779661	0	213.76271186440678	196.47457627118644	173.3249462643678	231.79661016949152	172.2391091954023	232.15117241379312	168.8601827586207	209.18363505747126
1	111	99	3	8	126	0	394.67759770114947	0.2782359550833333	0.02805129266666667	3	23154	23494	23222	63201	22139	20378	17631	23892	18152	23700	16780	21569	260.33898305084745	230.30923275862065	260.64406779661016	0	242.67796610169492	226.4237288135593	206.8842298850575	260.8135593220339	190.12321839080457	260.6777471264368	191.4678344827586	237.69235
1	121	99	3	9	126	0	401.7118644067797	0.2782359550833333	0.02805129266666667	3	25586	25894	25658	67604	24321	22814	19840	26328	20760	26380	18543	24179	231.4237288135593	229.92228965517242	231.59322033898306	0	213.72881355932202	217.08620689655172	174.32203389830508	231.76271186440678	173.4237288135593	231.76271186440678	172.4237288135593	223.64406779661016
1	131	99	3	8	126	0	399.9491525423729	0.2782359550833333	0.02805129266666667	3	28016	28294	28092	71205	26749	24942	21306	28764	22956	28815	20600	26367	260.23728813559325	258.2868275862069	260.50847457627117	0	238.32203389830508	245.42132758620687	200.42718620689658	260.7457627118644	209.11381810344827	260.6779661016949	187.94915254237287	254.26181896551722
1	141	99	3	7	126	0	399.728813559322	0.2782359550833333	0.02805129266666667	3	30454	30690	30532	75209	29181	27332	22939	31196	25041	31010	22792	28242	235.3793103448276	228.89925459770117	231.52542372881356	0	228.05172413793102	222.0577712643678	181.21282499999998	235.6551724137931	188.91391896551724	230.5539218390805	176.40794482758622	225.67036149425283
1	151	99	3	8	126	0	399.7118644067797	0.2782359550833333	0.02805129266666667	3	32892	33344	32962	79611	31482	29289	24778	33880	27471	33680	25461	30727	264.8965517241379	257.1186440677966	264.8620689655172	0	256.1539655172413	242.45762711864407	197.45762711864407	262.35150229885056	225.35593220338984	260.54237288135596	210.8135593220339	246.5084745762712
1	161	222	3	9	126	29658.362517241378	387.98275862068965	0.4249160931666667	0.06238780375	4	31604	31818	31704	79113	30024	27534	23386	32332	26103	32356	24117	29309	227.93062241379312	223.93779999999998	228.25278620689656	0	218.44376666666665	209.5523077586207	170.71186440677965	227.87854022988506	210.32203389830508	230.0344827586207	198.66101694915255	210.61016949152543
1	171	232	3	9	125	30969.35593220339	373.5969798850574	0.2632577775	0.0500666452	5	33686	33870	33806	82550	32072	29503	24842	34372	27973	34178	25919	31143	251.864406779661	221.76271186440678	252.8135593220339	0	242.0677966101695	228.22033898305085	172.71186440677965	251.32203389830508	210.59322033898306	227.55172413793102	203.75862068965517	211.9655172413793
1	181	243	3	8	125	83373.10704482759	363.36319999999995	0.5971745875833333	0.09190616333333333	6	22153	22607	22287	72482	20783	18203	13260	23093	16702	22867	14641	19759	219.96717241379312	217.96610169491527	220.86551724137934	0	213.84745762711864	195.74576271186442	194.03389830508473	218.94915254237287	213.08620689655172	219.67449137931033	213.22108477011497	206.1551724137931
1	191	243	3	8	125	83150.44067796611	370.2542372881356	0.5971745875833333	0.09190616333333333	6	24831	25007	24963	76492	23185	19568	14523	25530	18499	25299	17069	22191	219.28813559322035	218.01694915254237	220.4406779661017	0	213.77966101694915	193.59322033898306	172	218.74576271186442	207.78088390804595	219.36034367816092	218.6923787356322	203.8081646551724
1	201	243	3	9	125	83150.44067796611	363.75290459770116	0.5971745875833333	0.09190616333333333	6	27267	27413	27393	80488	25609	21555	16094	27965	20526	27727	19108	24587	248.20338983050848	246.77966101694915	249.32203389830508	0	242.15254237288136	205.01694915254237	179.2489666666667	247.89830508474577	227.42277586206896	247.94745287356318	243.23263448275864	234.62813218390804
1	212	278	3	46	125	136819.3220338983	358.40677966101697	0.6565743350833333	0.124072213	7	29417	29547	29485	83837	27779	23721	17601	30081	22309	30089	20621	26969	219.15254237288136	221.82758620689654	220.47457627118644	0	214.84745762711864	187.98305084745763	165.70991867816093	218.84745762711864	195.30363563218387	218.54237288135593	203.77966101694915	214.6949152542373
1	222	288	3	14	125	108817.83050847458	352.0047025862069	0.2986569329166667	0.108642844125	8	30806	30982	30946	86723	29218	25119	18462	31432	23751	31686	22241	28596	244.16949152542372	244.90924310344826	245.45762711864407	0	244.64406779661016	212.67796610169492	178.4509166666667	243.15254237288136	220.7219275862069	243.99422758620693	230.10808275862067	243.2137040229885
1	232	299	3	43	125	159514.98305084746	356.8474576271186	0.6188312208333333	0.12783647322222222	9	33086	33244	33204	89823	31404	27389	6971	33696	12681	33766	10794	30658	218.16949152542372	218.78763850574714	218.91525423728814	0	217.5593220338983	194.56327586206896	154.03389830508473	217.5593220338983	194.89830508474577	218.03389830508473	200.76271186440678	216.79661016949152
1	242	299	3	9	125	107333.89830508475	362.864406779661	0.6188312208333333	0.12783647322222222	9	21969	22111	22093	80064	20273	16286	8431	22585	14825	22417	12800	19315	247.59322033898306	218.52909770114945	218.98305084745763	0	218.10169491525423	194.56534482758622	154.00362988505745	221.58620689655172	193.2068933908046	217.9507471264368	196.5011077586207	217.9956028735632
1	252	318	3	47	125	165288.2068965517	345.0169491525424	1.5549428305	0.24339128181818184	11	23266	23454	23644	83300	21848	17891	9356	24080	16246	24150	14305	20778	214.0643224137931	212.0677966101695	214.62477528735633	0	214.53122873563217	209.1474646551724	153.79661016949152	212.35332413793105	200.77966101694915	212.03389830508473	190.54237288135593	213.5593220338983
1	262	320	3	10	125	163970.64406779662	328.21653304597703	1.8552349738333334	0.338981054076923	12	24900	25332	25372	85549	23570	19637	11258	25738	18094	25566	16157	22640	203.38983050847457	206.77966101694915	207.76271186440678	0	207.66101694915255	208.28813559322035	159.76271186440678	205.05084745762713	200.1864406779661	209.72413793103448	189.47457627118644	208.91525423728814
1	272	332	3	9	125	163028.14549655173	330.59905459770107	1.3043233221666668	0.338981054076923	13	13335	14095	13863	75444	12059	8303	1716	14461	6881	14283	4862	11265	204.20745172413794	232.98305084745763	210.98783045977012	0	233.9460908045977	233.6949152542373	189.74576271186442	229.96610169491527	213.9310344827586	209.21875402298846	204.51724137931035	212.3793103448276
1	282	348	3	12	125	214667.7966101695	337.864406779661	0.8084257981666666	0.33758882978571425	14	15332	15862	15860	78832	14032	9750	3439	16146	8580	16048	6623	12856	207.1864406779661	212	212.71186440677965	0	211.6949152542373	208.5084745762712	183.6271186440678	210.77966101694915	212.73533333333336	211.95223908045975	204.79727241379314	211.29934482758617
1	292	348	3	9	125	162516.8746275862	341.42680747126434	0.8084257981666666	0.33758882978571425	14	17510	18270	18052	82361	16341	12092	5869	18568	10976	18464	9057	15282	231.86272068965516	236.94915254237287	237.6406655172414	0	235.91525423728814	231.54237288135593	216.3448275862069	234.57627118644066	237.64505747126435	236.67800057471266	233.56309396551725	234.87456034482756
2	303	348	3	12	125	162486.71186440677	349.0169491525424	0.8084257981666666	0.33758882978571425	14	20220	20660	20760	86356	18577	14550	8287	21049	12909	20898	11455	17714	205.864406779661	214.55172413793102	211.96610169491527	0	208.54237288135593	205.33898305084745	203.6307471264368	208.74576271186442	206.4384235632184	210.4187356321839	213.37924137931034	208.74811896551722
2	313	377	3	17	125	159518.84745762713	427.3160455649718	0.7642741202500001	0.3351108552666667	15	9993	10444	9957	91965	9019	4767	4890	11488	3433	11698	2809	8587	255	261.0000206896552	251.4406779661017	8.253879310344827	264.8474576271186	259.7457627118644	238.98305084745763	269.40677966101697	255.8135593220339	271.64406779661016	267.7118644067797	267.864406779661
2	323	377	3	13	125	159518.84745762713	498.18900268361585	0.7642741202500001	0.3351108552666667	15	13634	13443	12437	83506	13170	8882	10591	15639	7016	15442	6548	12319	250.15254237288136	246.6198922413793	229.10169491525423	51.675	263.5762711864407	261.51724137931035	216.269425862069	269.03389830508473	252.5712212643678	270.5008229885058	266.8681505747126	267.20612068965517
2	333	377	3	14	125	107337.7627118644	572.8261176553672	0.7642741202500001	0.3351108552666667	15	17095	16447	14874	88983	17137	12845	17568	19602	10806	19799	10910	16686	268.23728813559325	253.1095606321839	231.16949152542372	70.06551724137931	285.4237288135593	281.7467011494253	249.3050847457627	290.91525423728814	268.5593220338983	292.79661016949154	336.33898305084745	290.23728813559325
2	343	403	3	13	124	109188.41379310345	619.2229886158193	0.8946358340833334	0.334477798125	16	19530	18767	16636	92722	20052	15754	21863	22491	13467	22269	13462	19183	287.50847457627117	266.35593220338984	236.1206896551724	101.24097457627117	316.271186440678	317.1186440677966	220.22033898305085	322.271186440678	297.4237288135593	346.66101694915255	320.0508474576271	323.96610169491527
2	353	403	3	12	124	108078.33158620688	685.0489324367816	0.8946358340833334	0.334477798125	16	22963	21860	19166	98215	24018	19733	27841	26466	17841	26640	16795	23560	300.7296275862069	274.3204511494253	234.72413103448272	119.62241379310343	337.9369683908047	335.69324712643675	211.864406779661	342.3115396551724	316.3050847457627	340.79661016949154	330.8813559322034	341.7118644067797
2	363	426	3	20	124	162490.57627118644	699.3419899425287	1.2142201745833334	0.36444733	18	12845	11205	8142	103020	14128	9831	18833	16586	7511	16241	6989	13234	348.4406779661017	313.66101694915255	268.20686666666666	155.5291025423729	394.728813559322	391.96610169491527	208.5084745762712	398.0508474576271	378.9491525423729	403.7931034482759	372.47457627118644	399.08474576271186
2	373	426	3	14	124	108821.69491525424	717.9322033898304	1.2142201745833334	0.36444733	18	16177	15127	12001	95060	18871	14579	24315	21340	12253	20977	11279	17971	319.2881355932203	289.2542372881356	250.52542372881356	153.4237288135593	370.59322033898303	369.728813559322	173.52542372881356	370.7457627118644	367.08620689655174	371.3331827586207	354.98275862068965	377.6551724137931
2	383	426	3	14	124	108821.69491525424	705.9343951149426	1.2142201745833334	0.36444733	18	19648	19063	14496	101349	23689	19395	29761	26152	17069	25793	15241	22781	358.1543103448276	345.33898305084745	290.12463620689647	159.91525423728814	434.22033898305085	433.9491525423729	181.96610169491527	434.7118644067797	429.4331727011494	434.994058045977	393.65887931034484	437.18492356321843
2	393	426	3	14	124	108821.69491525424	722.1694915254237	1.2142201745833334	0.36444733	18	23306	22891	17630	107622	28510	24223	35237	30970	21895	30601	19154	27617	317.6101694915254	321.76271186440675	265.3050847457627	179.864406779661	397.20338983050846	396.9830508474576	145.5344827586207	397.52542372881356	401.3974781609195	397.00457816091955	345.05952586206894	399.47425977011494
2	404	426	3	13	124	55067.67536551724	670.9325043103448	1.2142201745833334	0.36444733	18	27002	26529	20379	107904	33352	29073	41249	35822	27231	35935	23504	32958	373.6779661016949	385	308.33898305084745	183.70689655172413	475.89830508474574	475.6271186440678	156.28813559322035	419.271186440678	476.3728813559322	417.6779661016949	401.03389830508473	476.50847457627117
2	414	426	3	12	124	55152.813559322036	610.0677966101695	1.2142201745833334	0.36444733	18	30664	29823	23117	107904	37888	33622	45891	40332	31294	40045	26789	37030	336.52542372881356	348.1317281609195	280.45762711864404	145.02510574712645	437.66101694915255	437.7457627118644	134.691375	437.96610169491527	437.9136367816092	436.37390977011484	371.5754545977012	438.42716206896546
2	424	488	3	38	124	38647.93220338983	559.3728813559322	0.9995952714999999	0.35584266119999997	20	33481	32069	15358	107904	41009	36744	49991	43551	34896	33618	19400	30495	342.06779661016947	352.10197327586206	281	126.88100689655174	449.03389830508473	457.10344827586204	140.08474576271186	448.6949152542373	448.4237288135593	448.8135593220339	373.9491525423729	449.1186440677966
2	434	500	3	56	124	92316.81355932204	473.2426758620689	2.5027988615833334	0.39864752404545456	22	26422	24788	13593	107904	34289	30299	43597	37051	28179	36862	21851	33745	367.91525423728814	316.00813218390806	294.9830508474576	99.54422413793102	468.9491525423729	415.1170402298851	144.77120459770114	478.6551724137931	470.02803764367815	467.0758735632184	374.50898706896555	466.9620583333333
2	444	512	3	53	124	94455.8685	395.2413793103448	1.0936823569166667	0.3963530416956521	23	25022	23483	3978	107904	33923	29881	43667	36719	27759	36444	20596	33367	318.864406779661	300.10169491525426	259.0508474576271	42.32203389830509	397.10169491525426	399.6779661016949	121.16949152542372	400.6101694915254	400.8305084745763	399.1186440677966	315.77966101694915	398.4237288135593
2	454	512	3	15	123	144127.57112068965	349.2229	0.9419365474166667	0.3963530416956521	23	17765	14681	8018	89595	25257	21673	38395	27889	18851	28070	13413	25025	367.34052413793097	339.9491525423729	318.9552206896552	27.033898305084744	444.6600155172414	445.1694915254237	141	441.35593220338984	445.4406779661017	453.2068965517241	366.10344827586204	444.76271186440675
2	464	512	3	15	123	143466.10169491524	414.82302816091965	0.9419365474166667	0.3963530416956521	23	21886	18887	12582	95911	30579	26513	44692	32717	23697	32912	18198	29849	326.59322033898303	309.5762711864407	306.40677966101697	42.08474576271186	385.35593220338984	387.40677966101697	133.0677966101695	383.2542372881356	394.3965517241379	390.1824137931035	325.1151689655173	393.01724137931035
2	474	512	3	14	123	143466.10169491524	491.0677966101695	0.9419365474166667	0.3963530416956521	23	25348	22533	16120	102158	35385	31321	49877	37523	28497	38190	22288	35147	366.3050847457627	355.35593220338984	360.3050847457627	70.86440677966101	444.4237288135593	446.1525423728813	159.77586206896552	385.6949152542373	392.2182000000001	447.03389830508473	374.49152542372883	390.8417626436781
2	484	512	3	13	123	104818.16949152542	565.0030068965517	0.9419365474166667	0.3963530416956521	23	28749	26171	18579	107904	40199	36143	54998	42367	33339	42556	25580	39501	333.6949152542373	340.3050847457627	332.47457627118644	127.94915254237289	420.728813559322	422.3898305084746	148.51985689655172	417.2881355932203	423.4209724137931	423.5234482758621	357.69621494252874	424.5711862068965
2	495	512	3	13	123	49665.35593220339	591.9830508474577	0.9419365474166667	0.3963530416956521	23	32411	30027	21269	107904	45047	40999	60179	47203	38177	47878	29358	44349	380	355.2931034482759	359.59322033898303	135.63793103448276	433.864406779661	434.8813559322034	149.09219137931035	431.0169491525424	435.2273655172414	436.40677966101697	366.52779885057475	437.42442528735626
2	505	512	3	13	123	0	603.1525423728814	0.9419365474166667	0.3963530416956521	23	36101	34335	23977	107904	49881	45847	66020	52059	43497	52722	33631	49663	357.22033898305085	373.7399566091954	320.5762711864407	133.33898305084745	506.5762711864407	506.40677966101697	153.23728813559322	461.88367816091954	460.271186440678	507.08474576271186	387.3050847457627	507.1186440677966
2	515	512	3	13	123	0	572.0847457627118	0.9419365474166667	0.3963530416956521	23	39775	37738	26740	107904	54715	50683	70856	56893	47849	57051	37176	54017	344.77966101694915	371.41824597701157	298.5593220338983	120.64468505747126	460.7118644067797	468.9655172413793	148.1163275862069	461.1525423728813	460.8602425287356	459.6138485632185	379.33926896551725	460.2975275862068
2	525	512	3	12	123	0	505.3559322033898	0.9419365474166667	0.3963530416956521	23	43439	41319	29570	107904	59545	55537	76566	61747	53183	62394	41234	59359	383.77966101694915	400.9755551724138	310.0169491525424	91.49241609195403	518.271186440678	521.9824603448277	152.11864406779662	528.448275862069	519.3559322033898	518.4745762711865	412.8813559322034	519.2542372881356
2	535	512	3	13	123	0	439.91525423728814	0.9419365474166667	0.3963530416956521	23	47445	45317	32400	107904	64887	60849	81677	67087	58041	67240	44903	64211	343.9830508474576	356.47457627118644	261.9310344827586	34.271186440677965	461.3898305084746	461.5593220338983	126.52542372881356	462.6101694915254	462.50847457627117	461.5593220338983	359.8474576271186	462.1694915254237
2	545	607	3	27	123	53668.8813559322	370.91525423728814	0.8521638359999999	0.3938469423333333	24	43863	41693	28516	107904	62247	58157	85513	64435	55431	71012	41366	67985	379.03389830508473	388.20338983050846	287.3050847457627	5.389830508474576	504.23728813559325	504.08474576271186	137.05084745762713	504.5423728813559	461.89830508474574	501.52542372881356	392.7118644067797	502.77966101694915
2	555	618	3	35	123	107832.6576551724	349.45052672413794	0.8026313374166666	0.39303665447999997	25	38238	36278	22189	107904	65615	53668	82777	68219	50946	68234	36012	65137	329.9172850574713	333	254.42558620689655	0	433.72853620689654	432.06779661016947	117.77966101694915	433.0508474576271	490.03389830508473	435.7931034482759	344.5689655172414	429.89830508474574
2	565	618	3	14	123	107337.7627118644	388.15562040229884	0.8026313374166666	0.39303665447999997	25	42180	39894	25225	104311	62524	58450	79482	64700	55716	64665	39615	61542	367.22033898305085	367.728813559322	282.271186440678	2.9152542372881354	427.4237288135593	484.47457627118644	113.03389830508475	428.1694915254237	435.6551724137931	425.496275862069	333.3632	429.8965517241379
2	575	618	3	13	123	107337.7627118644	435.45762711864404	0.8026313374166666	0.39303665447999997	25	45844	43553	28027	107904	67340	63298	84618	69554	60562	69951	43663	66868	323.54237288135596	320.271186440678	249.52542372881356	50.813559322033896	427.1186440677966	426.8474576271186	108.67241379310344	486.20338983050846	489.1198977011494	422.9830508474576	324.8474576271186	422.4406779661017
2	585	646	3	17	123	161006.64406779662	400.0635387931035	0.8041747921666667	0.3899036072307692	26	37963	35111	19668	107904	59885	55741	76509	61997	53057	62000	34895	58761	317.6949152542373	312.10169491525426	244.54237288135593	50.813559322033896	412.33898305084745	413	103.49153793103447	409.8305084745763	412.0855494252873	408.13239942528736	317.68610948275864	407.69218448275865
2	596	646	3	30	122	161006.64406779662	406.2033898305085	0.8041747921666667	0.38812029566666667	26	42311	38728	23320	107904	64723	60593	81709	66848	57901	67311	38582	63597	370.49152542372883	307.87931034482756	289.77966101694915	51.689655172413794	463.3220338983051	462.50847457627117	101.40090000000001	462.1694915254237	464.92821264367814	458.47457627118644	307.88346321839083	456.4162448275862
3	606	665	3	16	122	161006.64406779662	401.2881355932203	0.8334080201666666	0.38812029566666667	27	37602	34224	18581	105293	60684	56502	78330	62770	54300	63387	34102	60002	327.79661016949154	301.8474576271186	262.6779661016949	50.813559322033896	403.1186440677966	409.01724137931035	100.89830508474576	401.864406779661	403.0508474576271	400.06779661016947	306.20338983050846	397.3898305084746
3	616	665	3	15	122	107337.7627118644	510.39493305084744	0.8334080201666666	0.38812029566666667	27	41242	37492	22227	107904	65514	61336	82996	67606	58654	71221	37405	64354	377.96610169491527	352.5708362068965	319.5593220338983	62.528113793103444	472.8813559322034	474.5031402298851	124.98293908045976	412.8474576271186	415.3436103448276	411.43282758620694	355.5060517241379	407.99893333333335
3	626	689	3	40	121	165292.1379310345	463.0655749372254	2.0965485221666667	0.42819415075862066	29	30151	33456	17731	107904	68591	64484	86193	70804	62182	77180	33551	67852	329.2586206896552	302.6046850574713	291.2758620689655	38.411882758620685	402.48275862068965	398.90398390804603	107.64211494252875	396.4579068965517	395.0508474576271	393.6271186440678	304.1864406779661	393.79661016949154
3	636	689	3	13	121	163498.71823448272	492.7425523809524	2.0965485221666667	0.42819415075862066	29	34483	36060	20127	107904	59689	56135	84017	62449	53301	71768	35905	59018	372.41958620689655	310.45762711864404	308.765091954023	19.35593220338983	390.3175862068966	444.9491525423729	110.05084745762711	386.5762711864407	388	386.3220338983051	319.03389830508473	383.1186440677966
3	646	689	3	13	121	108821.69491525424	579.7093569116759	2.0965485221666667	0.42819415075862066	29	39833	38488	22799	107904	65043	60999	87961	67301	58167	80508	38331	63877	349.52542372881356	271.23728813559325	271.6949152542373	21.864406779661017	408.8135593220339	409.93220338983053	87.88135593220339	461.96610169491527	462.5423728813559	414.2413793103448	283.2068965517241	407.22033898305085
3	656	689	3	13	121	55152.813559322036	662.5164045658942	2.0965485221666667	0.42819415075862066	29	44681	41248	25638	107904	69899	65821	92328	72157	63023	90094	41585	68723	409.45762711864404	291.49152542372883	291.8135593220339	21.864406779661017	409.0508474576271	410.06779661016947	72.67796610169492	409.5593220338983	416.0689655172414	406.9830508474576	301.54237288135596	414.2068965517241
3	666	689	3	14	121	55152.813559322036	719.0634339080459	2.0965485221666667	0.42819415075862066	29	49537	44860	29266	107904	74729	70647	97443	76983	67851	97908	44869	73549	392.8135593220339	262.1525423728813	260.5882655172413	21.864406779661017	484.8813559322034	485.66101694915255	67.10344827586206	485.45762711864404	488.13564655172416	485.0027456896551	272.92187873563216	485.2785
3	677	689	3	14	121	55152.813559322036	718.3898305084746	2.0965485221666667	0.42819415075862066	29	53261	48493	32894	107904	79577	75503	102652	81839	72701	106565	48556	78357	401.2542372881356	261.64406779661016	260.23728813559325	2.5084745762711864	429.49152542372883	429.93220338983053	67.34176206896552	430.47457627118644	430.9882827586207	428.3241931034483	272.7891896551724	429.7198701149426
3	687	754	3	51	121	52181.08474576271	706.542372881356	0.8544935548333333	0.4243653114	30	56565	51870	36236	107904	83975	79781	107419	86279	77543	107904	52255	83303	459.40677966101697	298.1551724137931	319.1186440677966	2.52573908045977	506.4406779661017	507.52542372881356	86.98393275862068	506.10169491525426	504.40677966101697	440.4237288135593	329.135593220339	504.9491525423729
3	697	763	3	55	121	53665.016949152545	579.7315632183908	0.7183256683333333	0.4106980304193548	31	45754	41200	25148	107904	74020	69328	107904	76368	67202	107904	41239	72978	402.1694915254237	301.4718514367816	300.0169491525424	0	449.59322033898303	446.7586206896552	73.75836379310346	448.4406779661017	446.39653333333337	333.532841954023	304.83279080459766	450.3415034482759
3	707	763	3	14	121	53665.016949152545	507.5593220338983	0.7183256683333333	0.4106980304193548	31	48768	44295	28637	107904	78052	73482	95851	80416	71164	97680	44430	76980	416.864406779661	345.12889655172415	344.8813559322034	0	430.5423728813559	424.02572413793104	73.60975057471265	437.3448275862069	426.66943448275856	276.66101694915255	350.90629396551725	429.70028850574704
3	717	763	3	14	121	54590.275862068964	506.67796610169495	0.7183256683333333	0.4106980304193548	31	52410	48420	32266	107904	82874	78312	101573	85240	76482	106278	48447	82294	350.5689655172414	327.33400689655167	330.1034482758621	5.728813559322034	433.7241379310345	421.18725057471266	91.2542372881356	430.20179712643676	484.20338983050846	253.79661016949152	328.4237288135593	428.3728813559322
3	727	763	3	12	121	53665.016949152545	451.3620689655172	0.7183256683333333	0.4106980304193548	31	56426	52065	35683	107904	88212	83653	106829	90590	81336	107904	52321	87156	373.66101694915255	370.6779661016949	361.42700086206895	5.728813559322034	426.33898305084745	419.7457627118644	92.32203389830508	427.96610169491527	426.7118644067797	237.60344827586206	375.7118644067797	428.47457627118644
3	737	801	3	44	121	105846.10169491525	336.52542372881356	0.8186993169166668	0.40858369299999997	32	59326	54848	24282	107904	91906	87308	107904	94214	85076	107904	55160	90750	314.20338983050846	323.20338983050846	302.6779661016949	5.728813559322034	468.5423728813559	404.47457627118644	81.8135593220339	469.1186440677966	476.2068965517241	131.06920201149424	330.3103448275862	419.6896551724138
3	747	801	3	59	120	53773.2414	349.8702103448277	0.8430917953333333	0.40858369299999997	32	52181	44796	27436	107904	82397	78323	97420	85135	76139	98472	45157	81805	303.5125370689655	311.20338983050846	284.6248629310345	5.728813559322034	408.1928505747127	400.5728522278528	67.9655172413793	408.77966101694915	415.30917931034486	131.93340517241379	317.70925344827583	411.99742528735635
3	757	823	3	43	120	107333.89830508475	421.2794152298851	0.7536188794166667	0.39481952708823526	34	40037	35215	17605	107904	85811	81269	100732	88035	79069	103688	35275	83565	286.22033898305085	340.5593220338983	283.79661016949154	7.762711864406779	443.3220338983051	446.9491525423729	102.68448591954024	441.864406779661	407.7411333333334	215.77831091954022	318.5714655172414	427.1719724137931
3	768	823	3	14	120	107333.89830508475	451.9661016949152	0.7536188794166667	0.39481952708823526	34	43257	37822	20821	107904	75987	71511	93098	78245	69321	96499	37991	73755	267.728813559322	297.3448275862069	266.3898305084746	2.0689655172413794	400.6949152542373	402.54237288135596	113.50014310344828	398.7118644067797	406.4330114942529	222.98305084745763	297.3561086206896	384.4556896551724
3	778	823	3	37	120	107333.89830508475	452.20338983050846	0.7638838908333333	0.39356310468571426	34	46906	42648	25140	107904	81307	76691	98116	83743	74945	105064	42688	79450	312.96610169491527	343.8660402298851	322.66101694915255	2.7457627118644066	400.47457627118644	409.1896551724138	116.38983050847457	398.271186440678	405.3220338983051	271.66101694915255	355.3728813559322	447.5423728813559
3	788	847	3	17	119	159514.98305084746	449.7457627118644	0.7600111145	0.39356310468571426	35	46873	33094	15053	107904	72596	68002	87983	74894	65612	107904	31968	70051	261.5762711864407	301.8213862068966	280.6779661016949	2.752556896551724	405.2542372881356	406.88040459770116	94.58281954022988	410.94827586206895	462.7181637931035	265.8890810344828	297.51627701149425	382.7915086206897
3	798	847	3	16	119	109184.48275862068	577.2542372881356	0.7600111145	0.39356310468571426	35	49265	37887	19887	107904	78820	74288	94220	81190	72510	103520	37235	76940	287.82758620689657	374.1127448275862	364.94827586206895	2.7646298850574715	441.41379310344826	434.6246853448276	114.98191896551722	437.00842988505747	435.51537241379316	302.135593220339	369.47457627118644	412.8305084745763
3	808	847	3	14	120	53997.06153103447	611.948275862069	0.7600111145	0.39356310468571426	35	51699	43203	25240	107904	85206	81299	101183	88181	78883	107904	42622	83310	253.92550862068964	357.59322033898303	351.7177873563219	0.7288135593220338	538.168709770115	533.3898305084746	151.52542372881356	536.9661016949152	537.1016949152543	392.6779661016949	356.35593220338984	513.4067796610169
3	818	847	3	13	120	52181.08474576271	583.5670020114943	0.7600111145	0.39356310468571426	35	54379	48039	32197	107904	92061	87519	107904	94402	85117	107904	48981	89523	291.6101694915254	450.08474576271186	474.50847457627117	0.7288135593220338	524.7627118644068	524.8135593220339	164.4237288135593	528.0169491525423	527.0338983050848	314.0689655172414	408.08620689655174	522.0847457627119
3	828	847	3	13	120	52181.08474576271	467.62711864406776	0.7600111145	0.39356310468571426	35	57544	52885	38580	107904	98401	93799	107904	100736	91427	107904	55352	95801	256.23728813559325	444.4406779661017	479.49152542372883	0.7288135593220338	624.5593220338983	622.1694915254237	176.0677966101695	626.4067796610169	557.5	264.6101694915254	479.96408333333335	630
3	838	901	3	52	119	53668.8813559322	352.3731833333334	0.8691176804166667	0.3922455656944444	36	59031	55341	41803	107904	102969	98508	107904	105086	96033	107904	60021	100622	252.20338983050848	444.64406779661016	501.96607758620684	0.01694915254237288	558.7966101694915	560.8644067796611	160.44827586206895	556.4237288135594	561.4168655172414	160.18872413793102	501.684232183908	560.8698160919539
3	849	906	3	48	118	55152.813559322036	269.9690862068966	6.035877716000001	0.6204855333684209	38	59334	58373	44373	107904	106859	102209	107904	107740	99849	107904	63223	104467	233.77966101694915	401.10344827586204	480.3898305084746	0.017241379310344827	553.4406779661017	604.5254237288135	148.46253333333334	541.8135593220339	548.7722614942529	126.84450057471265	546.7661232758621	559.4089140804597
3	859	906	3	8	118	55152.813559322036	152.74576271186442	6.035877716000001	0.6204855333684209	38	60082	62009	48095	107904	107904	107253	107904	107904	104829	107904	67620	107904	188.94915254237287	391.1960459770114	463.2542372881356	0	478.45762711864404	525.1186440677966	94.30112413793104	433.8135593220339	601.3156080459771	34.16949152542373	490.5573086206897	513.3126646551724
3	869	932	3	50	118	58120.67796610169	63.881355932203384	4.933668734083334	0.70601676705	40	60690	63715	50854	107904	107904	107904	107904	107904	107904	107904	71126	107904	186.135593220339	402.454058045977	487.22033898305085	0	413.66101694915255	500.01724137931035	71.9322033898305	370.64406779661016	511.23728813559325	7.220338983050848	533.5593220338983	450.0508474576271
3	879	938	3	40	118	59604.61016949153	12.213541666666668	5.57469270975	0.8126427494146342	41	60908	66282	54006	107904	107904	107904	107904	107904	107904	107904	74784	107904	134.9310344827586	322.3059310344828	380.9491525423729	0	268.7413793103448	343.67068965517245	6.60444827586207	225.6206896551724	439.0156370689655	7.183853448275861	429.8592336206897	374.2769715517241
3	889	938	3	14	118	60632.275862068964	17.864406779661017	5.57469270975	0.8126427494146342	41	61682	69289	57705	107904	107025	107904	106795	106904	107904	107095	78805	107904	126.81599396551724	299.9386689655172	400.3907413793103	0	189.8304206896552	268.13984770114945	6.592232758620691	147.13932758620692	288.7109511494252	7.220338983050848	405.9074793103448	225.07025862068966
3	899	938	3	18	118	5968.329268965516	31.344827586206897	5.57469270975	0.8126427494146342	41	62897	72923	61670	107904	107904	107904	107904	107904	107904	107904	84445	107904	91.28813559322033	312.66101694915255	338.20338983050846	0	150.52542372881356	227.23728813559322	16.23728813559322	109.9322033898305	258.03389830508473	18.379310344827587	408.76271186440675	185.76271186440678
3	909	969	3	17	118	5956.353765517242	30.97443620689655	0.8599000790833333	0.7941755720714285	42	63562	76037	64689	107904	107904	107596	107699	107602	107546	107904	88411	107904	96.947108045977	314.9491525423729	347.36344482758625	0	49.42317672413793	129.1864406779661	16.23728813559322	34.23728813559322	156.05172413793105	18.181732758620686	436.48275862068965	86.87931034482759
3	919	981	3	35	117	56632.8813559322	24.865343103448275	0.5796733214166666	0.7822993741395348	43	51231	65636	54967	107904	107904	107904	107904	107904	107904	107904	92734	107904	96.57627118644068	291.52542372881356	344.20338983050846	0	37.54237288135593	68.57627118644068	19.75862068965517	39	92.96008620689655	21.756848275862065	430.76192183908046	39.285848275862065
3	929	981	3	15	117	55148.94915254237	137.32203389830508	0.5796733214166666	0.7822993741395348	43	52406	69172	59445	107904	98180	99070	105209	98286	99401	100997	84256	97921	97.49152542372882	310.9830508474576	353.64406779661016	0	67.38983050847457	79.76271186440678	28.173745689655174	69.33898305084746	96.8293459770115	49.55356551724137	438.6177833333334	66.67004137931033
3	940	981	3	10	117	53665.016949152545	200.96610169491527	0.5796733214166666	0.7822993741395348	43	53610	72820	63714	107904	102125	103002	107904	102228	105030	107904	89919	102249	121.32203389830508	367.3103448275862	416.10169491525426	0	114.84745762711864	128.88135593220338	87.0535488505747	117.16949152542372	168.25423728813558	141.32203389830508	513.6779661016949	113.45762711864407
3	950	981	3	9	117	53665.016949152545	182.12811724137927	0.5796733214166666	0.7822993741395348	43	54824	76464	68014	107904	106097	106975	107904	106209	107904	107904	94584	105836	109.08474576271186	329.37685143678164	375.0508474576271	0	209.4237288135593	223.38983050847457	79.24718017241379	211.71186440677965	255.24781609195404	130.39261724137927	463.39556436781606	190.40399999999997
3	960	981	3	7	117	52181.08474576271	182.4406779661017	0.5796733214166666	0.7822993741395348	43	56033	80122	72240	107904	107904	107904	107904	107904	107904	107904	99751	107904	122.94915254237289	372.9036982758621	430.47457627118644	0	235.3728813559322	239.4310344827586	77.12916379310344	235.35593220338984	235.28887758620695	130.1758344827586	462.8291977011495	235.2090672413793
3	970	1030	3	33	117	105849.96610169491	176.18644067796612	0.7507365471666667	0.7727416701818182	44	46662	72730	64846	107904	107904	107904	107904	107904	107904	107904	103973	107904	109.76271186440678	329.3846235632184	382.5762711864407	0	235.3728813559322	236.78532155172414	73.80405344827585	235.35593220338984	234.86588275862073	130.47457627118644	458.23728813559325	235.3728813559322
3	980	1030	3	14	117	54594.206896551725	294.7627118644068	0.7507365471666667	0.7727416701818182	44	47828	76663	68488	107904	101002	101081	105772	101015	101083	105413	98550	101074	127.44827586206897	375.49152542372883	388.1206896551724	0	266.0689655172414	263.12358850574714	98.69491525423729	266.6896551724138	267.3728813559322	160.10169491525423	461.96610169491527	259.40677966101697
3	990	1057	3	61	117	107337.7627118644	198.75862068965517	0.8301312535833333	0.7631684479555555	45	48976	79805	71971	107904	104566	104660	107904	104691	104502	107904	103081	104470	112.05084745762711	335.49152542372883	373.6370686781609	0	306.20338983050846	294.8305084745763	156.4237288135593	306.89830508474574	247.55093047693302	190.16949152542372	526.9830508474577	306.5945799366134
3	1000	1057	3	14	116	107337.7627118644	174.84745762711864	0.8301312535833333	0.7631684479555555	45	46703	79292	71954	107904	104492	104627	104994	104604	104224	104909	103534	104205	122.50847457627118	320.4237288135593	350.4406779661017	0	248.45762711864407	235.3728813559322	97.79661016949153	247.6271186440678	202.9655172413793	98.92420977011496	451.0344827586207	252.70689655172413
3	1010	1057	3	5	116	107337.7627118644	210.1186440677966	0.8301312535833333	0.7631684479555555	45	47885	82965	75899	107904	107904	107904	107904	107904	107904	107904	107904	107904	107.76271186440678	360.135593220339	337.3220338983051	0	244.61016949152543	231.52542372881356	130.3050847457627	244.79661016949152	206.71775172413794	130.52542372881356	490.8474576271186	246.20707241379313
3	1020	1057	3	4	116	107337.7627118644	210.54594568965518	0.8301312535833333	0.7631684479555555	45	49097	86963	79524	107904	107904	107904	107904	107904	107904	107904	107904	107904	107.72881355932203	318.52542372881356	333.2821939655172	0	235.3728813559322	235.3728813559322	132.55172413793105	235.40677966101694	236.55893333333336	130.92142586206896	369.84709770114944	236.47911724137927
3	1031	1057	3	5	116	53668.8813559322	196.97235632183907	0.8301312535833333	0.7631684479555555	45	50323	91065	83862	107904	107904	107904	107904	107904	107904	107904	107904	107904	124.40677966101696	387.3620689655172	390.76271186440675	0	235.3728813559322	235.3728813559322	130.99424137931035	235.40677966101694	236.1039816091954	130.66915172413795	325.2908862068965	236.0241655172414
3	1041	1101	3	35	116	107337.7627118644	65.42372881355932	0.8563570984166667	0.7541759274130434	46	37295	94046	73000	107904	107904	107904	107904	107904	107904	107904	107904	107904	106.84745762711864	334.2972879310345	341.3050847457627	0	202.67796610169492	202.25423728813558	48.45346695402299	202.08474576271186	197.11150344827584	39.67796610169491	210.09866264367815	205.03442068965518
3	1051	1115	3	55	116	107337.7627118644	130.64406779661016	0.7308650073333333	0.746113818468085	47	30442	83562	77093	107904	97387	97279	107733	97332	97491	100138	98437	97484	115.91525423728814	333.48137011494254	388.135593220339	0	149.15254237288136	148.78124137931036	85.54237288135593	145.03389830508473	149.59322033898306	58.40677966101695	171.3728813559322	149.67796610169492
